time_ms,flags,gyro_x,gyro_y,gyro_z,accel_x,accel_y,accel_z,roll,pitch,angle_sp_roll,angle_sp_pitch,angle_err_roll,angle_err_pitch,angle_i_roll,angle_i_pitch,rate_sp_roll,rate_sp_pitch,rate_err_roll,rate_err_pitch,rate_i_roll,rate_i_pitch,rate_i_yaw,pid_roll,pid_pitch,pid_yaw,m1,m2,m3,m4,rc_thr,rc_roll,rc_pitch,battery_mv,loop_us
28854,9,0.00,-0.08,-0.06,0.031,-0.067,1.004,-0.56,0.07,0.00,0.00,0.56,-0.07,0.00,-0.00,1.98,-0.24,1.98,-0.15,0.00,-0.00,0.00,0.08,-0.00,0.67,1100,1100,1100,1100,1028,1505,1515,10750,877
28866,9,-0.03,-0.01,0.00,0.031,-0.067,1.004,-0.56,0.07,0.00,0.00,0.56,-0.07,0.00,-0.00,1.97,-0.25,2.00,-0.24,0.00,-0.00,0.00,0.08,-0.01,-0.35,1100,1100,1100,1100,1039,1500,1519,10750,877
28878,9,0.00,-0.04,-0.07,0.030,-0.067,1.004,-0.56,0.07,0.00,0.00,0.56,-0.07,0.00,-0.00,1.96,-0.24,1.95,-0.20,0.00,-0.00,0.00,0.08,-0.01,0.52,1100,1100,1100,1100,1039,1500,1519,10750,877
28890,9,-0.05,-0.03,-0.03,0.030,-0.067,1.004,-0.55,0.06,0.00,0.00,0.55,-0.06,0.00,-0.00,1.94,-0.23,1.99,-0.20,0.00,-0.00,0.00,0.08,-0.01,-0.16,1100,1100,1100,1100,1031,1500,1520,10754,877
28902,9,0.03,-0.08,-0.05,0.030,-0.067,1.004,-0.55,0.06,0.00,0.00,0.55,-0.06,0.00,-0.00,1.94,-0.22,1.90,-0.14,0.00,-0.00,0.00,0.07,-0.00,0.14,1100,1100,1100,1100,1031,1500,1520,10750,877
28914,9,-0.05,-0.09,-0.01,0.030,-0.067,1.003,-0.55,0.06,0.00,0.00,0.55,-0.06,0.00,-0.00,1.93,-0.21,1.98,-0.12,0.00,-0.00,0.00,0.08,-0.00,-0.30,1100,1100,1100,1100,1029,1500,1519,10746,877
28926,9,0.02,-0.07,0.06,0.031,-0.066,1.002,-0.55,0.06,0.00,0.00,0.55,-0.06,0.00,-0.00,1.92,-0.22,1.90,-0.15,0.00,-0.00,0.00,0.07,-0.00,-1.24,1100,1100,1100,1100,1030,1500,1518,10737,744
28938,9,-0.02,0.02,-0.07,0.031,-0.066,1.002,-0.54,0.07,0.00,0.00,0.54,-0.07,0.00,-0.00,1.90,-0.24,1.93,-0.25,0.00,-0.00,0.00,0.08,-0.02,0.98,1100,1100,1100,1100,1030,1500,1518,10721,744
28950,9,0.05,-0.05,-0.17,0.031,-0.066,1.003,-0.54,0.07,0.00,0.00,0.54,-0.07,0.00,-0.00,1.88,-0.25,1.83,-0.20,0.00,-0.00,0.00,0.07,-0.00,43.45,1100,1100,1100,1100,1030,1500,1517,10729,744
28962,9,0.04,-0.10,0.21,0.031,-0.066,1.003,-0.53,0.07,0.00,0.00,0.53,-0.07,0.00,-0.00,1.87,-0.26,1.82,-0.16,0.00,-0.00,0.00,0.07,0.00,37.96,1100,1100,1100,1100,1030,1500,1517,10725,744
28974,9,-0.05,-0.05,-0.15,0.030,-0.066,1.003,-0.53,0.07,0.00,0.00,0.53,-0.07,0.00,-0.00,1.86,-0.25,1.91,-0.20,0.00,-0.00,0.00,0.08,-0.01,42.46,1100,1100,1100,1100,1030,1499,1519,10729,744
28986,9,0.08,-0.04,-0.03,0.031,-0.066,1.004,-0.53,0.07,0.00,0.00,0.53,-0.07,0.00,-0.00,1.85,-0.25,1.77,-0.21,0.00,-0.00,0.00,0.06,-0.01,40.09,1100,1100,1100,1100,1030,1500,1518,10729,744
28998,9,-0.01,0.00,0.09,0.031,-0.067,1.003,-0.53,0.08,0.00,0.00,0.53,-0.08,0.00,-0.00,1.86,-0.27,1.87,-0.27,0.00,-0.00,0.00,0.08,-0.02,26.37,1100,1100,1100,1100,1030,1500,1518,10729,744
29010,9,0.05,-0.07,-0.06,0.031,-0.066,1.003,-0.53,0.08,0.00,0.00,0.53,-0.08,0.00,-0.00,1.86,-0.28,1.82,-0.22,0.00,-0.00,0.00,0.07,-0.00,37.57,1100,1100,1100,1100,1030,1500,1518,10733,744
29022,9,-0.28,0.01,-0.06,0.030,-0.068,1.005,-0.54,0.08,0.00,0.00,0.54,-0.08,0.00,-0.00,1.89,-0.27,2.17,-0.28,0.00,-0.00,0.00,0.12,-0.02,37.52,1100,1100,1100,1100,1030,1500,1518,10733,744
29034,9,-0.06,0.15,-0.15,0.029,-0.068,1.004,-0.55,0.07,0.00,0.00,0.55,-0.07,0.00,-0.00,1.92,-0.23,1.98,-0.38,0.00,-0.00,0.00,0.09,-0.03,1.57,1100,1100,1100,1100,1030,1503,1515,10733,785
29046,9,-0.11,0.12,0.22,0.028,-0.067,1.007,-0.55,0.05,0.00,0.00,0.55,-0.05,0.00,-0.00,1.92,-0.18,2.03,-0.30,0.00,-0.00,0.00,0.09,-0.03,-3.79,1100,1100,1100,1100,1030,1500,1518,10725,785
29058,9,-0.11,0.10,-0.13,0.027,-0.067,1.006,-0.55,0.03,0.00,0.00,0.55,-0.03,0.00,-0.00,1.92,-0.12,2.02,-0.22,0.00,-0.00,0.00,0.10,-0.01,42.46,1100,1100,1100,1100,1030,1500,1518,10688,785
29070,9,-0.29,-0.26,-0.01,0.030,-0.067,1.003,-0.55,0.03,0.00,0.00,0.55,-0.03,0.00,-0.00,1.92,-0.09,2.21,0.17,0.00,-0.00,0.00,0.12,0.04,36.17,1100,1100,1100,1100,1030,1500,1518,10704,785
29082,9,0.04,-0.26,0.09,0.032,-0.065,1.000,-0.54,0.03,0.00,0.00,0.54,-0.03,0.00,-0.00,1.88,-0.11,1.84,0.15,0.00,-0.00,0.00,0.07,0.04,35.13,1100,1100,1100,1100,1030,1500,1518,10692,785
29094,9,-0.36,-1.78,0.05,0.043,-0.066,0.991,-0.53,0.09,0.00,0.00,0.53,-0.09,0.00,-0.00,1.86,-0.31,2.22,1.46,0.00,-0.00,0.00,0.13,0.21,29.11,1100,1100,1100,1100,1030,1500,1518,10683,785
29106,9,-0.35,0.10,-0.21,0.033,-0.069,0.997,-0.54,0.12,0.00,0.00,0.54,-0.12,0.00,-0.00,1.91,-0.43,2.25,-0.53,0.00,-0.00,0.00,0.12,-0.08,32.37,1100,1100,1100,1100,1030,1500,1518,10683,785
29118,9,0.24,-0.73,-0.15,0.042,-0.070,0.993,-0.56,0.17,0.00,0.00,0.56,-0.17,0.00,-0.00,1.98,-0.60,1.74,0.13,0.00,-0.00,0.00,0.04,0.03,41.40,1100,1100,1100,1100,1030,1500,1518,10658,785
29130,9,-0.05,0.98,0.10,0.033,-0.070,1.000,-0.59,0.21,0.00,0.00,0.59,-0.21,0.00,-0.00,2.06,-0.74,2.11,-1.72,0.00,-0.00,0.00,0.08,-0.23,-1.36,1100,1100,1100,1100,1030,1500,1518,10650,744
29142,9,-0.09,-0.62,-0.37,0.032,-0.073,1.000,-0.61,0.20,0.00,0.00,0.61,-0.20,0.00,-0.00,2.12,-0.70,2.21,-0.08,0.00,-0.00,0.00,0.09,0.01,5.47,1100,1100,1100,1100,1030,1500,1518,10642,744
29154,9,0.07,2.67,-0.18,0.021,-0.075,1.009,-0.63,0.17,0.00,0.00,0.63,-0.17,0.00,-0.00,2.21,-0.58,2.15,-3.24,0.00,-0.00,0.00,0.07,-0.48,40.37,1100,1100,1100,1100,1030,1500,1518,10650,744
29166,9,-0.40,2.23,-0.06,0.010,-0.071,1.010,-0.67,0.04,0.00,0.00,0.67,-0.04,0.00,-0.00,2.34,-0.13,2.74,-2.36,0.00,-0.00,0.00,0.14,-0.25,38.18,1100,1100,1100,1100,1030,1500,1518,10642,744
29178,9,-0.90,-1.60,0.34,0.043,-0.071,0.987,-0.68,0.06,0.00,0.00,0.68,-0.06,0.00,-0.00,2.38,-0.22,3.29,1.38,0.00,-0.00,0.00,0.24,0.22,35.79,1100,1100,1100,1100,1030,1500,1518,10608,744
29190,9,-0.24,-2.16,0.02,0.068,-0.071,0.970,-0.69,0.23,0.00,0.00,0.69,-0.23,0.00,-0.00,2.42,-0.81,2.66,1.35,0.00,-0.00,0.00,0.13,0.21,30.66,1100,1100,1100,1100,1030,1500,1518,10633,744
29202,9,-0.08,-3.44,-0.17,0.078,-0.073,0.962,-0.71,0.53,0.00,0.00,0.71,-0.53,0.00,-0.00,2.49,-1.86,2.57,1.58,0.00,-0.00,0.00,0.11,0.26,33.26,1100,1100,1100,1100,1030,1500,1518,10633,744
29214,9,0.30,-2.69,-0.15,0.092,-0.069,0.958,-0.75,0.79,0.00,0.00,0.75,-0.79,0.00,-0.00,2.63,-2.77,2.34,-0.08,0.00,-0.00,0.00,0.04,0.15,39.80,1100,1100,1100,1100,1030,1500,1518,10650,744
29226,9,-0.26,-0.18,-0.43,0.086,-0.067,0.957,-0.77,1.13,0.00,0.00,0.77,-1.13,0.00,-0.00,2.71,-3.97,2.97,-3.79,0.00,-0.00,0.00,0.14,-0.47,43.51,1100,1100,1100,1100,1030,1500,1518,10650,859
29238,9,0.37,1.10,-0.23,0.042,-0.062,0.997,-0.75,1.15,0.00,0.00,0.75,-1.15,0.00,-0.00,2.62,-4.03,2.25,-5.13,0.00,-0.00,0.00,0.04,-0.57,1.66,1100,1100,1100,1100,1030,1500,1518,10650,859
29250,9,0.45,-6.92,0.22,0.075,-0.060,0.976,-0.69,1.21,0.00,2.07,0.69,0.86,0.00,-0.00,2.41,3.00,1.96,9.91,0.00,-0.00,0.00,0.04,1.04,-4.00,1100,1100,1100,1100,1029,1499,1523,10650,859
29262,9,0.47,-0.39,-11.06,0.083,-0.075,0.969,-0.69,1.55,0.00,2.07,0.69,0.52,0.00,-0.00,2.41,1.83,1.95,2.22,0.00,-0.00,0.00,0.02,-0.11,162.83,1100,1100,1100,1100,1029,1499,1523,10650,859
29274,9,-0.19,7.05,-0.63,0.050,-0.068,1.001,-0.66,1.73,0.00,0.00,0.66,-1.73,0.00,-0.00,2.30,-6.07,2.49,-13.12,0.00,-0.00,0.00,0.11,-1.37,-12.88,1100,1100,1100,1100,1030,1500,1518,10667,859
29286,9,-0.50,5.74,0.59,0.064,-0.066,0.981,-0.61,1.78,0.00,2.52,0.61,0.74,0.00,-0.00,2.14,2.58,2.65,-3.16,0.00,-0.00,0.00,0.16,-0.72,-25.03,1100,1100,1100,1100,1024,1501,1528,10658,859
29298,9,-0.68,4.73,0.32,0.093,-0.061,0.970,-0.59,1.85,0.00,2.52,0.59,0.67,0.00,-0.00,2.06,2.35,2.74,-2.39,0.00,-0.00,0.00,0.18,-0.68,25.65,1100,1100,1100,1100,1024,1501,1528,10675,859
29310,9,-0.30,6.97,-0.31,0.106,-0.061,0.967,-0.60,2.05,-1.89,0.00,-1.29,-2.05,0.00,-0.00,-4.53,-7.17,-4.22,-14.13,0.00,-0.00,0.00,-0.13,-1.52,31.91,1100,1100,1100,1100,1031,1479,1517,10658,859
29322,9,-1.46,19.41,-11.33,0.107,-0.063,0.958,-0.64,2.32,-1.89,0.00,-1.25,-2.32,0.00,-0.00,-4.37,-8.10,-2.91,-27.51,0.00,-0.00,0.00,0.07,-3.40,194.90,1100,1100,1100,1100,1031,1479,1517,10650,859
29334,9,-1.29,5.46,-1.12,0.052,-0.069,0.995,-0.67,2.30,0.00,0.00,0.67,-2.30,0.00,-0.00,2.35,-8.06,3.65,-13.52,0.00,-0.00,0.00,0.30,-0.87,-8.88,1100,1100,1100,1100,1031,1499,1519,10667,749
29346,9,-0.77,5.74,0.24,0.024,-0.069,1.019,-0.67,1.98,0.00,0.00,0.67,-1.98,0.00,-0.00,2.34,-6.95,3.12,-12.69,0.00,-0.00,0.00,0.23,-0.80,-23.02,1100,1100,1100,1100,1030,1500,1518,10667,749
29358,9,-1.80,-1.31,0.21,0.035,-0.068,0.996,-0.70,1.72,0.00,0.00,0.70,-1.72,0.00,-0.00,2.44,-6.02,4.24,-4.71,0.00,-0.00,0.00,0.40,0.22,-15.01,1100,1100,1100,1100,1030,1500,1518,10671,749
29370,9,-0.78,-3.86,0.00,0.044,-0.073,0.984,-0.73,1.52,0.00,0.00,0.73,-1.52,0.00,-0.00,2.56,-5.30,3.34,-1.44,0.00,-0.00,0.00,0.23,0.47,31.63,1100,1100,1100,1100,1030,1500,1518,10675,749
29382,9,-0.66,5.28,-0.42,0.017,-0.074,1.008,-0.76,1.38,0.00,0.00,0.76,-1.38,0.00,-0.00,2.65,-4.82,3.31,-10.10,0.00,-0.00,0.00,0.23,-1.00,39.23,1100,1100,1100,1100,1030,1500,1518,10671,749
29394,9,-1.95,3.03,-0.51,-0.007,-0.075,1.032,-0.79,1.10,0.00,0.00,0.79,-1.10,0.00,-0.00,2.78,-3.85,4.73,-6.88,0.00,-0.00,0.00,0.44,-0.37,44.38,1100,1100,1100,1100,1030,1500,1518,10667,749
29406,9,-2.00,1.23,-0.41,-0.004,-0.080,1.026,-0.82,0.78,0.00,0.00,0.82,-0.78,0.00,-0.00,2.89,-2.73,4.89,-3.95,0.00,-0.00,0.00,0.43,-0.11,44.00,1100,1100,1100,1100,1030,1500,1518,10658,749
29418,9,-0.62,0.24,-0.56,0.019,-0.073,1.012,-0.81,0.55,0.00,0.00,0.81,-0.55,0.00,-0.00,2.85,-1.94,3.47,-2.18,0.00,-0.00,0.00,0.21,0.04,45.59,1100,1100,1100,1100,1030,1500,1518,10654,749
29430,9,0.86,3.79,-0.60,0.004,-0.066,1.022,-0.78,0.35,0.00,0.00,0.78,-0.35,0.00,-0.00,2.73,-1.24,1.87,-5.03,0.00,-0.00,0.00,-0.03,-0.53,5.50,1100,1100,1100,1100,1030,1500,1518,10663,760
29442,9,-0.34,5.99,0.06,-0.024,-0.069,1.040,-0.76,0.07,0.00,0.00,0.76,-0.07,0.00,-0.00,2.66,-0.25,3.00,-6.24,0.00,-0.00,0.00,0.16,-0.72,-5.16,1100,1100,1100,1100,1030,1500,1518,10667,760
29454,9,-0.67,-3.04,0.01,0.001,-0.071,1.015,-0.73,-0.18,0.00,0.00,0.73,0.18,0.00,-0.00,2.57,0.64,3.24,3.68,0.00,-0.00,0.00,0.21,0.76,33.59,1100,1100,1100,1100,1030,1500,1518,10683,760
29466,9,1.62,-3.29,-0.16,0.021,-0.061,1.010,-0.65,-0.26,0.00,0.00,0.65,0.26,0.00,-0.00,2.27,0.90,0.65,4.20,0.00,-0.00,0.00,-0.17,0.56,36.70,1100,1100,1100,1100,1030,1500,1518,10683,760
29478,9,1.22,5.16,-0.75,-0.033,-0.060,1.062,-0.57,-0.45,0.00,0.00,0.57,0.45,0.00,-0.00,2.01,1.57,0.78,-3.59,0.00,-0.00,0.00,-0.10,-0.75,44.85,1100,1100,1100,1100,1030,1500,1518,10675,760
29490,9,0.51,-3.84,-0.56,-0.018,-0.055,1.039,-0.50,-0.76,0.00,0.00,0.50,0.76,0.00,-0.00,1.76,2.65,1.25,6.49,0.00,-0.00,0.00,-0.00,0.93,46.00,1100,1100,1100,1100,1030,1500,1518,10663,760
29502,9,0.48,1.32,0.03,-0.013,-0.045,1.050,-0.41,-0.99,0.00,0.00,0.41,0.99,0.00,-0.00,1.44,3.46,0.96,2.14,0.00,-0.00,0.00,-0.01,0.02,36.27,1100,1100,1100,1100,1030,1500,1518,10671,760
29514,9,-2.98,-2.64,0.24,0.001,-0.065,1.025,-0.40,-1.12,0.00,0.00,0.40,1.12,0.00,-0.00,1.42,3.92,4.39,6.56,0.00,-0.00,0.00,0.55,0.66,29.82,1100,1100,1100,1100,1030,1500,1518,10683,760
29526,9,-0.31,1.43,-0.83,0.020,-0.069,1.024,-0.40,-1.08,0.00,0.00,0.40,1.08,0.00,-0.00,1.40,3.79,1.70,2.36,0.00,-0.00,0.00,0.11,-0.04,48.02,1100,1100,1100,1100,1032,1499,1518,10675,782
29538,9,1.31,4.67,-1.29,-0.008,-0.067,1.046,-0.38,-1.06,0.00,0.00,0.38,1.06,0.00,-0.00,1.32,3.72,0.02,-0.96,0.00,-0.00,0.00,-0.16,-0.49,15.02,1100,1100,1100,1100,1032,1499,1518,10667,782
29550,9,0.59,3.00,0.10,-0.026,-0.057,1.063,-0.33,-1.28,0.00,0.00,0.33,1.28,0.00,-0.00,1.16,4.47,0.57,1.47,0.00,-0.00,0.00,-0.04,0.07,-8.54,1100,1100,1100,1100,1030,1500,1518,10671,782
29562,9,-0.89,-1.20,0.62,0.017,-0.065,1.030,-0.34,-1.28,0.00,0.00,0.34,1.28,0.00,-0.00,1.18,4.48,2.07,5.68,0.00,-0.00,0.00,0.20,0.48,-13.15,1100,1100,1100,1100,1030,1500,1518,10671,782
29574,9,-0.64,0.11,-0.21,0.052,-0.075,1.004,-0.37,-1.08,0.00,0.00,0.37,1.08,0.00,-0.00,1.30,3.78,1.94,3.67,0.00,-0.00,0.00,0.14,0.20,2.03,1100,1100,1100,1100,1030,1501,1517,10671,782
29586,9,-0.44,-5.26,-0.36,0.106,-0.076,0.961,-0.44,-0.63,0.00,0.00,0.44,0.63,0.00,-0.00,1.54,2.20,1.97,7.45,0.00,-0.00,0.00,0.14,0.71,3.24,1100,1100,1100,1100,1031,1499,1518,10675,782
29598,9,-1.90,-4.23,0.19,0.138,-0.075,0.947,-0.54,0.08,0.00,0.00,0.54,-0.08,0.00,-0.00,1.89,-0.29,3.79,3.94,0.00,-0.00,0.00,0.39,0.28,-5.08,1100,1100,1100,1100,1031,1499,1518,10667,782
29610,9,-0.14,-0.05,-0.19,0.117,-0.083,0.949,-0.64,0.81,0.00,0.00,0.64,-0.81,0.00,-0.00,2.26,-2.83,2.40,-2.78,0.00,-0.00,0.00,0.11,-0.49,3.11,1100,1100,1100,1100,1031,1499,1518,10667,782
29622,9,2.46,2.27,-0.91,0.090,-0.075,0.979,-0.68,1.19,0.00,0.00,0.68,-1.19,0.00,-0.00,2.40,-4.18,-0.06,-6.45,0.00,-0.00,0.00,-0.30,-0.71,12.69,1100,1100,1100,1100,1031,1499,1518,10667,782
29634,9,-0.29,0.54,-0.60,0.092,-0.061,0.977,-0.70,1.48,0.00,0.00,0.70,-1.48,0.00,-0.00,2.44,-5.17,2.72,-5.71,0.00,-0.00,0.00,0.14,-0.40,4.70,1100,1100,1100,1100,1029,1500,1519,10667,808
29646,9,-1.45,-3.76,-0.52,0.100,-0.048,0.971,-0.64,1.71,0.00,0.00,0.64,-1.71,0.00,-0.00,2.25,-6.00,3.71,-2.24,0.00,-0.00,0.00,0.30,0.14,1.88,1100,1100,1100,1100,1029,1503,1515,10667,808
29658,9,-0.84,-2.31,-0.29,0.090,-0.056,0.971,-0.56,1.91,0.00,0.00,0.56,-1.91,0.00,-0.00,1.98,-6.70,2.82,-4.39,0.00,-0.00,0.00,0.21,-0.18,-0.34,1100,1100,1100,1100,1029,1503,1515,10667,808
29670,9,1.27,4.41,0.36,0.062,-0.065,0.995,-0.52,2.00,0.00,0.00,0.52,-2.00,0.00,-0.00,1.81,-7.01,0.54,-11.42,0.00,-0.00,0.00,-0.14,-1.14,20.48,1100,1100,1100,1100,1029,1500,1518,10667,808
29682,9,-0.73,-1.88,-0.59,0.082,-0.066,0.978,-0.54,2.11,0.00,0.00,0.54,-2.11,0.00,-0.00,1.88,-7.37,2.61,-5.49,0.00,-0.00,0.00,0.19,-0.02,35.39,1100,1100,1100,1100,1029,1500,1518,10667,808
29694,9,0.80,4.91,-0.81,0.045,-0.065,1.012,-0.52,2.07,0.00,2.25,0.52,0.18,0.00,-0.00,1.83,0.62,1.03,-4.29,0.00,-0.00,0.00,-0.05,-0.66,7.05,1100,1100,1100,1100,1023,1498,1525,10667,808
29706,9,0.25,-1.22,-0.09,0.043,-0.055,1.006,-0.49,1.94,-2.16,0.00,-1.67,-1.94,0.00,-0.00,-5.85,-6.78,-6.10,-5.56,0.00,-0.00,0.00,-0.27,0.04,-3.63,1100,1100,1100,1100,1030,1476,1518,10675,808
29718,9,-2.14,-4.85,-0.69,0.054,-0.058,0.997,-0.44,1.85,-2.16,0.00,-1.72,-1.85,0.00,-0.00,-6.01,-6.47,-3.87,-1.62,0.00,-0.00,0.00,0.10,0.40,6.56,1100,1100,1100,1100,1030,1476,1518,10658,808
29730,9,-0.10,2.39,-0.61,0.011,-0.071,1.017,-0.42,1.59,0.00,0.00,0.42,-1.59,0.00,-0.00,1.47,-5.57,1.57,-7.97,0.00,-0.00,0.00,0.06,-0.65,51.56,1100,1100,1100,1100,1030,1500,1517,10650,754
29742,9,1.71,3.65,-0.27,0.012,-0.062,1.017,-0.39,1.32,0.00,0.00,0.39,-1.32,0.00,-0.00,1.36,-4.64,-0.36,-8.28,0.00,-0.00,0.00,-0.22,-0.70,46.57,1100,1100,1100,1100,1030,1500,1517,10650,754
29754,9,-0.15,-0.55,-0.08,0.019,-0.060,1.024,-0.37,1.11,0.00,0.00,0.37,-1.11,0.00,-0.00,1.29,-3.88,1.43,-3.33,0.00,-0.00,0.00,0.09,-0.01,37.13,1100,1100,1100,1100,1030,1500,1518,10679,754
29766,9,0.24,1.64,-0.31,0.032,-0.067,1.003,-0.40,0.95,0.00,0.00,0.40,-0.95,0.00,-0.00,1.41,-3.31,1.17,-4.96,0.00,-0.00,0.00,0.02,-0.21,41.88,1100,1100,1100,1100,1030,1500,1518,10675,754
29778,9,-0.31,-3.36,-0.32,0.057,-0.060,0.977,-0.39,0.98,0.00,0.00,0.39,-0.98,0.00,-0.00,1.38,-3.42,1.69,-0.06,0.00,-0.00,0.00,0.11,0.35,39.66,1100,1100,1100,1100,1030,1500,1518,10679,754
29790,9,-2.00,-0.83,-0.44,0.049,-0.071,1.005,-0.40,1.02,0.00,0.00,0.40,-1.02,0.00,-0.00,1.41,-3.56,3.41,-2.73,0.00,-0.00,0.00,0.37,-0.11,39.61,1100,1100,1100,1100,1030,1500,1518,10663,754
29802,9,1.77,0.27,-0.05,0.074,-0.068,0.982,-0.39,1.12,0.00,0.00,0.39,-1.12,0.00,-0.00,1.37,-3.93,-0.40,-4.19,0.00,-0.00,0.00,-0.24,-0.19,34.23,1100,1100,1100,1100,1030,1500,1518,10663,754
29814,9,1.03,3.56,0.09,0.034,-0.049,1.010,-0.34,1.14,0.00,0.00,0.34,-1.14,0.00,-0.00,1.18,-4.00,0.15,-7.55,0.00,-0.00,0.00,-0.11,-0.74,-3.61,1100,1100,1100,1100,1030,1500,1518,10675,754
29826,9,-2.06,-1.68,-0.15,0.054,-0.071,0.993,-0.37,1.13,0.00,0.00,0.37,-1.13,0.00,-0.00,1.28,-3.95,3.34,-2.27,0.00,-0.00,0.00,0.40,0.20,-0.04,1100,1100,1100,1100,1029,1500,1519,10675,798
29838,9,0.72,-4.27,-1.13,0.069,-0.063,0.967,-0.35,1.21,0.00,0.00,0.35,-1.21,0.00,-0.00,1.22,-4.23,0.50,0.04,0.00,-0.00,0.00,-0.06,0.43,13.94,1100,1100,1100,1100,1029,1500,1519,10667,798
29850,9,0.36,3.20,0.17,0.029,-0.052,1.004,-0.29,1.16,0.00,0.00,0.29,-1.16,0.00,-0.00,1.03,-4.07,0.67,-7.27,0.00,-0.00,0.00,-0.01,-0.76,30.33,1100,1100,1100,1100,1030,1500,1518,10667,798
29862,9,-0.95,-3.20,0.28,0.047,-0.067,0.996,-0.27,1.09,0.00,0.00,0.27,-1.09,0.00,-0.00,0.96,-3.81,1.92,-0.61,0.00,-0.00,0.00,0.20,0.31,30.48,1100,1100,1100,1100,1030,1500,1518,10663,798
29874,9,1.97,2.30,-0.94,0.055,-0.061,0.997,-0.26,1.11,0.00,0.00,0.26,-1.11,0.00,-0.00,0.93,-3.90,-1.04,-6.20,0.00,-0.00,0.00,-0.27,-0.59,52.52,1100,1100,1100,1100,1030,1500,1518,10671,798
29886,9,-1.74,7.06,-0.67,0.009,-0.053,1.036,-0.26,1.00,0.00,0.00,0.26,-1.00,0.00,-0.00,0.92,-3.50,2.66,-10.56,0.00,-0.00,0.00,0.33,-1.13,46.66,1100,1100,1100,1100,1031,1500,1518,10679,798
29898,9,-3.31,-0.98,-1.09,0.006,-0.073,1.032,-0.27,0.77,0.00,0.00,0.27,-0.77,0.00,-0.00,0.95,-2.69,4.26,-1.72,0.00,-0.00,0.00,0.58,0.30,11.28,1100,1100,1100,1100,1031,1500,1518,10675,798
29910,9,3.74,1.93,-0.58,-0.001,-0.064,1.032,-0.23,0.52,0.00,0.00,0.23,-0.52,0.00,-0.00,0.81,-1.80,-2.93,-3.74,0.00,-0.00,0.00,-0.57,-0.23,2.71,1100,1100,1100,1100,1030,1500,1518,10671,798
29922,9,0.11,3.85,0.16,-0.016,-0.041,1.060,-0.15,0.22,0.00,0.00,0.15,-0.22,0.00,-0.00,0.53,-0.78,0.41,-4.63,0.00,-0.00,0.00,0.04,-0.49,-8.22,1100,1100,1100,1100,1030,1500,1518,10658,798
29934,9,-3.92,-7.63,-0.45,0.037,-0.083,1.004,-0.23,0.12,0.00,0.00,0.23,-0.12,0.00,-0.00,0.79,-0.41,4.71,7.22,0.00,-0.00,0.00,0.68,1.26,2.84,1100,1100,1100,1100,1030,1501,1517,10663,741
29946,9,3.37,1.93,-0.74,0.044,-0.072,0.996,-0.25,0.16,0.00,0.00,0.25,-0.16,0.00,-0.00,0.88,-0.57,-2.49,-2.50,0.00,-0.00,0.00,-0.52,-0.38,5.53,1100,1100,1100,1100,1029,1500,1519,10667,741
29958,9,-1.09,0.89,-0.36,0.020,-0.052,1.012,-0.24,0.16,0.00,0.00,0.24,-0.16,0.00,-0.00,0.84,-0.57,1.92,-1.45,0.00,-0.00,0.00,0.22,-0.20,-0.27,1100,1100,1100,1100,1029,1500,1519,10667,741
29970,9,-1.28,-5.15,-0.10,0.055,-0.076,1.002,-0.25,0.20,0.00,0.00,0.25,-0.20,0.00,-0.00,0.89,-0.71,2.17,4.44,0.00,-0.00,0.00,0.26,0.81,-3.01,1100,1100,1100,1100,1040,1501,1516,10671,741
29982,9,3.05,-13.07,-11.13,0.065,-0.059,0.982,-0.25,0.33,0.00,0.00,0.25,-0.33,0.00,-0.00,0.89,-1.17,-2.16,11.90,0.00,-0.00,0.00,-0.45,1.81,161.11,1100,1100,1100,1100,1040,1501,1516,10667,741
29994,9,-2.12,4.00,-1.01,0.016,-0.042,1.021,-0.22,0.34,0.00,0.00,0.22,-0.34,0.00,-0.00,0.79,-1.17,2.91,-5.17,0.00,-0.00,0.00,0.39,-0.93,19.65,1100,1100,1100,1100,1030,1499,1519,10679,741
30006,9,-2.47,-5.29,-0.07,0.045,-0.078,0.986,-0.24,0.29,0.00,0.00,0.24,-0.29,0.00,-0.00,0.84,-1.02,3.32,4.26,0.00,-0.00,0.00,0.44,0.67,12.09,1100,1100,1100,1100,1031,1500,1517,10688,741
30018,9,3.10,0.46,0.69,0.038,-0.067,0.985,-0.25,0.34,0.00,0.00,0.25,-0.34,0.00,-0.00,0.89,-1.18,-2.22,-1.65,0.00,-0.00,0.00,-0.47,-0.42,8.00,1100,1100,1100,1100,1031,1500,1517,10696,741
30030,9,-1.73,3.59,-0.42,-0.003,-0.042,1.037,-0.20,0.20,0.00,0.00,0.20,-0.20,0.00,-0.00,0.69,-0.69,2.43,-4.28,0.00,-0.00,0.00,0.32,-0.68,0.41,1100,1100,1100,1100,1031,1501,1517,10696,758
30042,9,-1.16,-1.22,-0.61,0.009,-0.073,1.006,-0.21,0.03,0.00,0.00,0.21,-0.03,0.00,-0.00,0.73,-0.09,1.88,1.12,0.00,-0.00,0.00,0.21,0.22,3.43,1100,1100,1100,1100,1031,1501,1517,10696,758
30054,9,3.91,2.97,-0.45,0.014,-0.054,1.019,-0.17,-0.07,0.00,0.00,0.17,0.07,0.00,-0.00,0.60,0.23,-3.30,-2.74,0.00,-0.00,0.00,-0.61,-0.42,44.99,1100,1100,1100,1100,1030,1500,1518,10700,758
30066,9,-1.19,-1.46,-0.57,0.021,-0.044,1.033,-0.12,-0.11,0.00,0.00,0.12,0.11,0.00,-0.00,0.43,0.40,1.62,1.86,0.00,-0.00,0.00,0.22,0.28,46.87,1100,1100,1100,1100,1030,1500,1517,10692,758
30078,9,-0.26,-0.56,-0.01,0.028,-0.074,1.014,-0.13,-0.12,0.00,0.00,0.13,0.12,0.00,-0.00,0.47,0.40,0.73,0.96,0.00,-0.00,0.00,0.06,0.13,33.10,1100,1100,1100,1100,1030,1500,1517,10671,758
30090,9,3.42,3.95,-0.25,0.007,-0.055,1.024,-0.12,-0.18,0.00,0.00,0.12,0.18,0.00,-0.00,0.43,0.64,-2.99,-3.32,0.00,-0.00,0.00,-0.53,-0.51,40.04,1100,1100,1100,1100,1030,1500,1518,10667,758
30102,9,-2.88,-5.46,-0.66,0.018,-0.061,1.009,-0.15,-0.29,0.00,0.00,0.15,0.29,0.00,-0.00,0.51,1.01,3.40,6.46,0.00,-0.00,0.00,0.51,0.99,46.27,1100,1100,1100,1100,1030,1500,1518,10675,758
30114,9,1.03,2.30,-0.66,0.007,-0.077,1.032,-0.18,-0.37,0.00,0.00,0.18,0.37,0.00,-0.00,0.63,1.29,-0.40,-1.02,0.00,-0.00,0.00,-0.15,-0.29,5.63,1100,1100,1100,1100,1030,1500,1517,10683,758
30126,9,2.56,4.98,0.14,-0.001,-0.070,1.047,-0.21,-0.46,0.00,0.00,0.21,0.46,0.00,-0.00,0.73,1.62,-1.84,-3.35,0.00,-0.00,0.00,-0.38,-0.59,-5.65,1100,1100,1100,1100,1030,1500,1517,10679,742
30138,9,-1.93,-0.63,-0.83,0.018,-0.066,1.022,-0.28,-0.50,0.00,0.00,0.28,0.50,0.00,-0.00,0.97,1.75,2.90,2.38,0.00,-0.00,0.00,0.36,0.42,50.78,1100,1100,1100,1100,1030,1500,1517,10700,742
30150,9,0.25,0.14,-0.41,0.018,-0.074,1.007,-0.33,-0.52,0.00,0.00,0.33,0.52,0.00,-0.00,1.15,1.80,0.90,1.66,0.00,-0.00,0.00,-0.01,0.09,37.21,1100,1100,1100,1100,1030,1500,1518,10700,742
30162,9,0.88,2.86,-0.70,-0.000,-0.076,1.026,-0.37,-0.60,0.00,0.00,0.37,0.60,0.00,-0.00,1.31,2.12,0.43,-0.74,0.00,-0.00,0.00,-0.10,-0.35,41.38,1100,1100,1100,1100,1030,1500,1518,10675,742
30174,9,-0.64,-1.43,-0.73,0.013,-0.069,1.013,-0.43,-0.67,0.00,0.00,0.43,0.67,0.00,-0.00,1.50,2.34,2.14,3.77,0.00,-0.00,0.00,0.16,0.39,44.86,1100,1100,1100,1100,1030,1500,1518,10671,742
30186,9,2.94,-1.05,0.61,0.022,-0.073,1.012,-0.46,-0.67,0.00,0.00,0.46,0.67,0.00,-0.00,1.62,2.36,-1.32,3.41,0.00,-0.00,0.00,-0.41,0.34,24.73,1100,1100,1100,1100,1030,1500,1517,10667,742
30198,9,1.06,5.97,-0.79,0.034,-0.070,1.017,-0.52,-0.54,0.00,0.00,0.52,0.54,0.00,-0.00,1.80,1.87,0.75,-4.09,0.00,-0.00,0.00,-0.09,-0.78,9.97,1100,1100,1100,1100,1030,1500,1517,10667,742
30210,9,-2.56,-0.52,-0.70,0.034,-0.060,1.011,-0.54,-0.42,0.00,0.00,0.54,0.42,0.00,-0.00,1.88,1.48,4.45,2.00,0.00,-0.00,0.00,0.50,0.25,40.99,1100,1100,1100,1100,1030,1500,1518,10683,742
30222,9,-1.18,0.60,-0.09,0.013,-0.076,1.018,-0.55,-0.40,0.00,0.00,0.55,0.40,0.00,-0.00,1.93,1.40,3.11,0.80,0.00,-0.00,0.00,0.28,-0.01,31.29,1100,1100,1100,1100,1030,1500,1518,10683,742
30234,9,3.50,11.82,-0.89,-0.045,-0.074,1.085,-0.52,-0.62,0.00,0.00,0.52,0.62,0.00,-0.00,1.82,2.17,-1.68,-9.65,0.00,-0.00,0.00,-0.46,-1.47,8.27,1100,1100,1100,1100,1030,1500,1518,10683,762
30246,9,-0.15,1.57,-0.12,-0.038,-0.057,1.063,-0.50,-0.95,0.00,0.00,0.50,0.95,0.00,-0.00,1.77,3.32,1.92,1.75,0.00,-0.00,0.00,0.10,0.36,-3.83,1100,1100,1100,1100,1030,1500,1518,10683,762
30258,9,-1.57,0.05,-0.18,-0.024,-0.067,1.043,-0.50,-1.19,0.00,0.00,0.50,1.19,0.00,-0.00,1.74,4.16,3.31,4.10,0.00,-0.00,0.00,0.32,0.35,37.64,1100,1100,1100,1100,1030,1500,1518,10700,762
30270,9,1.48,7.59,-0.80,-0.046,-0.065,1.073,-0.44,-1.42,0.00,0.00,0.44,1.42,0.00,-0.00,1.56,4.98,0.08,-2.61,0.00,-0.00,0.00,-0.16,-0.74,43.73,1100,1100,1100,1100,1030,1500,1518,10683,762
30282,9,-1.11,-2.50,0.35,0.002,-0.062,1.034,-0.43,-1.57,0.00,0.00,0.43,1.57,0.00,-0.00,1.52,5.48,2.63,7.98,0.00,-0.00,0.00,0.25,1.07,27.64,1100,1100,1100,1100,1030,1500,1518,10683,762
30294,9,-0.47,-6.10,0.03,0.054,-0.074,0.984,-0.47,-1.36,0.00,0.00,0.47,1.36,0.00,-0.00,1.65,4.74,2.12,10.84,0.00,-0.00,0.00,0.14,1.18,34.37,1100,1100,1100,1100,1030,1500,1518,10667,762
30306,9,2.78,2.54,-1.35,0.043,-0.063,1.001,-0.49,-1.11,0.00,0.00,0.49,1.11,0.00,-0.00,1.71,3.88,-1.07,1.34,0.00,-0.00,0.00,-0.36,-0.31,53.97,1100,1100,1100,1100,1029,1500,1519,10667,762
30318,9,-4.03,-1.46,-0.34,0.047,-0.067,0.995,-0.55,-0.87,0.00,0.00,0.55,0.87,0.00,-0.00,1.91,3.05,5.94,4.51,0.00,-0.00,0.00,0.73,0.40,36.00,1100,1100,1100,1100,1029,1500,1519,10667,762
30330,9,-0.56,-2.90,-0.38,0.079,-0.087,0.965,-0.60,-0.51,0.00,0.00,0.60,0.51,0.00,-0.00,2.11,1.79,2.67,4.69,0.00,-0.00,0.00,0.17,0.46,37.22,1100,1100,1100,1100,1029,1500,1519,10671,744
30342,9,3.15,2.32,0.10,0.042,-0.061,1.002,-0.58,-0.31,0.00,0.00,0.58,0.31,0.00,-0.00,2.05,1.08,-1.10,-1.25,0.00,-0.00,0.00,-0.43,-0.41,30.82,1100,1100,1100,1100,1029,1500,1519,10679,744
30354,9,-3.48,-3.33,0.07,0.058,-0.067,0.989,-0.62,-0.14,0.00,0.00,0.62,0.14,0.00,-0.00,2.17,0.48,5.65,3.81,0.00,-0.00,0.00,0.65,0.41,36.42,1100,1100,1100,1100,1029,1500,1519,10679,744
30366,9,-0.70,-5.12,-0.93,0.104,-0.087,0.946,-0.72,0.23,0.00,0.00,0.72,-0.23,0.00,-0.00,2.53,-0.79,3.22,4.33,0.00,-0.00,0.00,0.19,0.57,50.59,1100,1100,1100,1100,1030,1500,1518,10683,744
30378,9,0.71,-1.63,-0.13,0.086,-0.063,0.950,-0.75,0.63,0.00,0.00,0.75,-0.63,0.00,-0.00,2.64,-2.19,1.93,-0.56,0.00,-0.00,0.00,0.01,-0.21,32.44,1100,1100,1100,1100,1030,1500,1518,10667,744
30390,9,-1.53,-0.61,-0.01,0.074,-0.068,0.985,-0.76,0.87,0.00,0.00,0.76,-0.87,0.00,-0.00,2.67,-3.03,4.20,-2.42,0.00,-0.00,0.00,0.37,-0.27,31.90,1100,1100,1100,1100,1030,1500,1518,10675,744
30402,9,3.17,2.68,-0.46,0.064,-0.072,0.999,-0.74,1.02,0.00,0.00,0.74,-1.02,0.00,-0.00,2.60,-3.59,-0.57,-6.27,0.00,-0.00,0.00,-0.38,-0.57,39.62,1100,1100,1100,1100,1030,1500,1518,10671,744
30414,9,-2.27,-1.06,0.01,0.057,-0.068,0.986,-0.81,1.11,0.00,0.00,0.81,-1.11,0.00,-0.00,2.84,-3.89,5.10,-2.82,0.00,-0.00,0.00,0.48,0.05,36.36,1100,1100,1100,1100,1030,1500,1517,10671,744
30426,9,-1.84,1.47,-0.54,0.066,-0.092,0.993,-0.88,1.18,0.00,0.00,0.88,-1.18,0.00,-0.00,3.10,-4.14,4.94,-5.61,0.00,-0.00,0.00,0.42,-0.38,44.56,1100,1100,1100,1100,1030,1500,1517,10663,758
30438,9,3.59,0.29,-0.12,0.095,-0.077,0.968,-0.90,1.41,0.00,0.00,0.90,-1.41,0.00,-0.00,3.17,-4.92,-0.42,-5.21,0.00,-0.00,0.00,-0.43,-0.26,-0.60,1100,1100,1100,1100,1030,1500,1517,10667,758
30450,9,-0.51,3.29,-0.45,0.037,-0.062,1.001,-0.88,1.49,0.00,0.00,0.88,-1.49,0.00,-0.00,3.09,-5.21,3.60,-8.50,0.00,-0.00,0.00,0.22,-0.74,35.11,1100,1100,1100,1100,1030,1500,1517,10667,758
30462,9,-1.68,-3.32,-0.15,0.053,-0.079,0.994,-0.88,1.42,0.00,0.00,0.88,-1.42,0.00,-0.00,3.10,-4.97,4.78,-1.65,0.00,-0.00,0.00,0.40,0.38,30.16,1100,1100,1100,1100,1030,1500,1517,10658,758
30474,9,1.58,-1.30,0.35,0.057,-0.065,0.984,-0.84,1.39,0.00,0.00,0.84,-1.39,0.00,-0.00,2.95,-4.87,1.37,-3.58,0.00,-0.00,0.00,-0.13,-0.03,22.80,1100,1100,1100,1100,1030,1500,1518,10675,758
30486,9,-2.39,-2.93,-0.29,0.076,-0.071,0.970,-0.85,1.51,0.00,0.00,0.85,-1.51,0.00,-0.00,2.99,-5.27,5.38,-2.35,0.00,-0.00,0.00,0.52,0.10,34.52,1100,1100,1100,1100,1030,1500,1517,10683,758
30498,9,2.27,-3.31,-0.19,0.089,-0.078,0.951,-0.87,1.71,0.00,0.00,0.87,-1.71,0.00,-0.00,3.04,-5.99,0.77,-2.67,0.00,-0.00,0.00,-0.24,0.03,33.05,1100,1100,1100,1100,1030,1500,1517,10683,758
30510,9,1.06,0.26,0.06,0.075,-0.057,0.974,-0.83,1.85,0.00,0.00,0.83,-1.85,0.00,-0.00,2.90,-6.49,1.85,-6.75,0.00,-0.00,0.00,-0.05,-0.53,33.65,1100,1100,1100,1100,1030,1500,1517,10683,758
30522,9,-3.89,-6.52,-0.32,0.104,-0.068,0.952,-0.85,2.08,0.00,0.00,0.85,-2.08,0.00,-0.00,2.97,-7.28,6.86,-0.76,0.00,-0.00,0.00,0.75,0.50,40.41,1100,1100,1100,1100,1030,1500,1517,10667,758
30534,9,1.61,-2.19,-0.10,0.102,-0.071,0.943,-0.83,2.31,0.00,0.00,0.83,-2.31,0.00,-0.00,2.90,-8.10,1.29,-5.91,0.00,-0.00,0.00,-0.16,-0.34,42.18,1100,1100,1100,1100,1030,1500,1518,10688,742
30546,9,1.49,5.99,-0.61,0.041,-0.056,1.005,-0.76,2.33,0.00,0.00,0.76,-2.33,0.00,-0.00,2.66,-8.14,1.18,-14.14,0.00,-0.00,0.00,-0.13,-1.50,48.41,1100,1100,1100,1100,1030,1500,1518,10696,742
30558,9,-1.43,-0.54,-0.52,0.040,-0.067,1.007,-0.72,2.14,0.00,0.00,0.72,-2.14,0.00,-0.00,2.52,-7.51,3.95,-6.97,0.00,-0.00,0.00,0.35,-0.22,37.82,1100,1100,1100,1100,1030,1500,1518,10704,742
30570,9,1.07,-4.81,0.47,0.061,-0.067,0.966,-0.73,2.06,0.00,0.00,0.73,-2.06,0.00,-0.00,2.56,-7.20,1.49,-2.39,0.00,-0.00,0.00,-0.07,0.31,20.17,1100,1100,1100,1100,1030,1500,1518,10692,742
30582,9,-1.91,-1.48,-1.00,0.045,-0.066,0.984,-0.74,2.00,0.00,0.00,0.74,-2.00,0.00,-0.00,2.59,-6.98,4.50,-5.50,0.00,-0.00,0.00,0.41,-0.27,42.97,1100,1100,1100,1100,1030,1500,1518,10683,742
30594,9,-0.11,0.34,-0.95,0.040,-0.077,0.987,-0.74,1.84,0.00,0.00,0.74,-1.84,0.00,-0.00,2.58,-6.46,2.69,-6.80,0.00,-0.00,0.00,0.11,-0.43,43.06,1100,1100,1100,1100,1030,1500,1518,10688,742
30606,9,2.85,-0.44,0.42,0.050,-0.069,0.974,-0.74,1.72,0.00,0.00,0.74,-1.72,0.00,-0.00,2.58,-6.02,-0.27,-5.58,0.00,-0.00,0.00,-0.36,-0.32,22.38,1100,1100,1100,1100,1030,1500,1517,10692,742
30618,9,-1.29,-0.07,-10.89,0.057,-0.067,0.985,-0.78,1.74,0.00,0.00,0.78,-1.74,0.00,-0.00,2.74,-6.08,4.03,-6.01,0.00,-0.00,0.00,0.32,-0.42,198.30,1100,1100,1100,1100,1030,1500,1517,10679,742
30630,9,-0.44,3.23,-0.50,0.025,-0.064,1.001,-0.78,1.62,0.00,0.00,0.78,-1.62,0.00,-0.00,2.72,-5.66,3.16,-8.88,0.00,-0.00,0.00,0.18,-0.75,-13.33,1100,1100,1100,1100,1031,1498,1518,10679,755
30642,9,0.74,4.87,-0.66,-0.003,-0.068,1.026,-0.74,1.31,0.00,0.00,0.74,-1.31,0.00,-0.00,2.59,-4.60,1.86,-9.47,0.00,-0.00,0.00,0.00,-0.77,-5.44,1100,1100,1100,1100,1031,1498,1518,10683,755
30654,9,-0.11,1.16,-0.57,0.002,-0.073,1.028,-0.75,1.02,0.00,0.00,0.75,-1.02,0.00,-0.00,2.63,-3.55,2.73,-4.71,0.00,-0.00,0.00,0.12,-0.09,43.68,1100,1100,1100,1100,1030,1500,1518,10683,755
30666,9,1.23,1.81,-2.92,-0.005,-0.056,1.035,-0.69,0.71,0.00,0.00,0.69,-0.71,0.00,-0.00,2.41,-2.49,1.18,-4.29,0.00,-0.00,0.00,-0.10,-0.17,64.40,1100,1100,1100,1100,1029,1500,1519,10683,755
30678,9,-0.45,4.75,-0.29,-0.050,-0.058,1.060,-0.62,0.27,0.00,0.00,0.62,-0.27,0.00,-0.00,2.18,-0.94,2.63,-5.70,0.00,-0.00,0.00,0.16,-0.57,19.09,1100,1100,1100,1100,1029,1500,1519,10688,755
30690,9,-0.36,0.57,-0.72,-0.046,-0.073,1.055,-0.61,-0.22,0.00,0.00,0.61,0.22,0.00,-0.00,2.12,0.78,2.48,0.21,0.00,-0.00,0.00,0.14,0.24,-3.44,1100,1100,1100,1100,1029,1501,1518,10683,755
30702,9,1.35,0.08,0.14,-0.033,-0.058,1.047,-0.57,-0.63,0.00,0.00,0.57,0.63,0.00,-0.00,1.99,2.20,0.64,2.12,0.00,-0.00,0.00,-0.14,0.27,-12.32,1100,1100,1100,1100,1029,1501,1518,10688,755
30714,9,-0.68,0.68,-0.41,-0.012,-0.069,1.046,-0.53,-0.85,0.00,0.00,0.53,0.85,0.00,-0.00,1.85,2.99,2.52,2.31,0.00,-0.00,0.00,0.20,0.13,37.20,1100,1100,1100,1100,1030,1500,1518,10679,755
30726,9,0.59,-2.19,-0.02,0.020,-0.068,1.017,-0.54,-0.90,0.00,0.00,0.54,0.90,0.00,-0.00,1.88,3.17,1.29,5.36,0.00,-0.00,0.00,-0.00,0.49,33.63,1100,1100,1100,1100,1030,1497,1518,10679,740
30738,9,-0.86,-2.70,0.30,0.042,-0.070,0.995,-0.57,-0.80,0.00,0.00,0.57,0.80,0.00,-0.00,2.00,2.79,2.86,5.49,0.00,-0.00,0.00,0.22,0.47,-8.61,1100,1100,1100,1100,1030,1497,1518,10675,740
30750,9,-0.34,1.63,-0.38,0.027,-0.081,1.003,-0.61,-0.67,0.00,0.00,0.61,0.67,0.00,-0.00,2.13,2.33,2.47,0.71,0.00,-0.00,0.00,0.15,-0.20,2.31,1100,1100,1100,1100,1030,1500,1518,10663,740
30762,9,1.37,3.83,-0.13,0.002,-0.071,1.024,-0.63,-0.67,0.00,0.00,0.63,0.67,0.00,-0.00,2.22,2.34,0.85,-1.48,0.00,-0.00,0.00,-0.13,-0.47,-2.09,1100,1100,1100,1100,1030,1500,1518,10667,740
30774,9,-1.43,-0.00,0.20,-0.005,-0.070,1.022,-0.66,-0.79,0.00,0.00,0.66,0.79,0.00,-0.00,2.31,2.78,3.74,2.78,0.00,-0.00,0.00,0.33,0.28,26.95,1100,1100,1100,1100,1030,1500,1518,10667,740
30786,9,-1.02,1.32,-0.45,-0.009,-0.079,1.027,-0.69,-0.94,0.00,0.00,0.69,0.94,0.00,-0.00,2.40,3.29,3.42,1.97,0.00,-0.00,0.00,0.26,0.08,38.19,1100,1100,1100,1100,1030,1500,1518,10671,740
30798,9,0.89,2.06,-0.09,-0.010,-0.071,1.019,-0.69,-1.07,0.00,0.00,0.69,1.07,0.00,-0.00,2.41,3.76,1.51,1.70,0.00,-0.00,0.00,-0.05,0.06,31.49,1100,1100,1100,1100,1030,1500,1518,10667,740
30810,9,-0.49,-1.53,-0.39,-0.000,-0.070,1.029,-0.71,-1.17,0.00,0.00,0.71,1.17,0.00,-0.00,2.47,4.09,2.96,5.61,0.00,-0.00,0.00,0.17,0.50,36.86,1100,1100,1100,1100,1030,1500,1518,10675,740
30822,9,0.86,-5.19,0.09,0.024,-0.063,0.999,-0.65,-1.13,0.00,0.00,0.65,1.13,0.00,-0.00,2.27,3.96,1.40,9.16,0.00,-0.00,0.00,-0.05,0.93,29.47,1100,1100,1100,1100,1030,1500,1518,10679,740
30834,9,-1.55,-2.82,0.53,0.035,-0.065,1.006,-0.62,-1.05,0.00,0.00,0.62,1.05,0.00,-0.00,2.18,3.68,3.73,6.50,0.00,-0.00,0.00,0.34,0.47,17.13,1100,1100,1100,1100,1030,1500,1518,10679,765
30846,9,-1.79,-6.87,-0.56,0.077,-0.089,0.961,-0.72,-0.75,0.00,0.00,0.72,0.75,0.00,-0.00,2.53,2.61,4.32,9.48,0.00,-0.00,0.00,0.37,0.87,33.85,1100,1100,1100,1100,1029,1500,1519,10679,765
30858,9,1.39,-1.18,-0.40,0.069,-0.077,0.957,-0.77,-0.36,0.00,0.00,0.77,0.36,0.00,-0.00,2.69,1.25,1.30,2.43,0.00,-0.00,0.00,-0.13,-0.19,4.02,1100,1100,1100,1100,1029,1500,1519,10679,765
30870,9,0.78,-0.99,0.55,0.052,-0.061,0.970,-0.74,-0.14,0.00,0.00,0.74,0.14,0.00,-0.00,2.59,0.49,1.81,1.48,0.00,-0.00,0.00,-0.02,-0.16,24.83,1100,1100,1100,1100,1030,1500,1517,10667,765
30882,9,-0.20,0.01,-0.58,0.050,-0.077,0.982,-0.77,0.01,0.00,0.00,0.77,-0.01,0.00,-0.00,2.69,-0.03,2.89,-0.04,0.00,-0.00,0.00,0.15,-0.25,42.79,1100,1100,1100,1100,1030,1500,1517,10679,765
30894,9,-0.21,-4.22,-0.19,0.087,-0.069,0.954,-0.80,0.32,0.00,0.00,0.80,-0.32,0.00,-0.00,2.79,-1.12,3.00,3.09,0.00,-0.00,0.00,0.14,0.36,38.56,1100,1100,1100,1100,1030,1500,1517,10654,765
30906,9,-0.66,-5.71,-0.24,0.109,-0.067,0.950,-0.79,0.77,0.00,0.00,0.79,-0.77,0.00,-0.00,2.77,-2.68,3.42,3.03,0.00,-0.00,0.00,0.20,0.47,39.69,1100,1100,1100,1100,1030,1500,1517,10658,765
30918,9,2.41,7.16,-0.22,0.057,-0.069,0.993,-0.76,0.99,0.00,0.00,0.76,-0.99,0.00,-0.00,2.65,-3.45,0.23,-10.61,0.00,-0.00,0.00,-0.29,-1.50,35.97,1100,1100,1100,1100,1030,1500,1517,10667,765
30930,9,-0.46,-5.29,0.09,0.080,-0.060,0.968,-0.73,1.13,0.00,0.00,0.73,-1.13,0.00,-0.00,2.56,-3.96,3.02,1.34,0.00,-0.00,0.00,0.17,0.59,-3.05,1100,1100,1100,1100,1030,1500,1517,10663,778
30942,9,-1.28,-4.32,-0.37,0.084,-0.065,0.962,-0.71,1.33,0.00,0.00,0.71,-1.33,0.00,-0.00,2.49,-4.65,3.76,-0.33,0.00,-0.00,0.00,0.30,0.18,4.70,1100,1100,1100,1100,1030,1500,1517,10658,778
30954,9,0.87,5.28,-0.51,0.011,-0.053,1.019,-0.62,1.28,0.00,0.00,0.62,-1.28,0.00,-0.00,2.16,-4.48,1.28,-9.77,0.00,-0.00,0.00,-0.06,-1.26,41.63,1100,1100,1100,1100,1030,1500,1517,10654,778
30966,9,-0.95,-1.90,0.18,0.008,-0.058,1.017,-0.53,0.97,0.00,0.00,0.53,-0.97,0.00,-0.00,1.85,-3.39,2.80,-1.49,0.00,-0.00,0.00,0.24,0.21,30.98,1100,1100,1100,1100,1030,1501,1516,10654,778
30978,9,1.30,-4.97,0.09,0.057,-0.056,0.979,-0.43,0.87,0.00,0.00,0.43,-0.87,0.00,-0.00,1.52,-3.03,0.21,1.94,0.00,-0.00,0.00,-0.14,0.54,28.10,1100,1100,1100,1100,1030,1501,1516,10667,778
30990,9,-0.06,0.78,-0.13,0.052,-0.050,0.992,-0.38,0.92,0.00,0.00,0.38,-0.92,0.00,-0.00,1.32,-3.22,1.38,-4.00,0.00,-0.00,0.00,0.07,-0.47,31.40,1100,1100,1100,1100,1030,1501,1516,10671,778
31002,9,-2.70,-2.38,-1.05,0.055,-0.067,0.991,-0.38,0.99,0.00,0.00,0.38,-0.99,0.00,-0.00,1.32,-3.45,4.02,-1.07,0.00,-0.00,0.00,0.50,0.16,42.87,1100,1100,1100,1100,1030,1501,1516,10667,778
31014,9,2.00,-3.31,-0.67,0.061,-0.064,0.980,-0.37,1.03,0.00,0.00,0.37,-1.03,0.00,-0.00,1.31,-3.59,-0.69,-0.28,0.00,-0.00,0.00,-0.27,0.23,38.20,1100,1100,1100,1100,1030,1500,1518,10667,778
31026,9,-0.37,3.51,0.33,0.022,-0.059,1.014,-0.36,0.98,0.00,0.00,0.36,-0.98,0.00,-0.00,1.26,-3.44,1.63,-6.95,0.00,-0.00,0.00,0.11,-0.91,24.19,1100,1100,1100,1100,1030,1500,1517,10663,762
31038,9,-1.52,3.21,-0.60,0.011,-0.073,1.028,-0.38,0.79,0.00,0.00,0.38,-0.79,0.00,-0.00,1.34,-2.76,2.86,-5.97,0.00,-0.00,0.00,0.30,-0.50,5.80,1100,1100,1100,1100,1030,1500,1517,10663,762
31050,9,1.83,-1.26,-0.70,0.032,-0.066,0.996,-0.40,0.66,0.00,0.00,0.40,-0.66,0.00,-0.00,1.40,-2.29,-0.43,-1.03,0.00,-0.00,0.00,-0.24,0.11,7.07,1100,1100,1100,1100,1030,1500,1518,10654,762
31062,9,-1.42,0.61,-0.18,0.017,-0.060,1.006,-0.41,0.57,0.00,0.00,0.41,-0.57,0.00,-0.00,1.44,-2.01,2.85,-2.62,0.00,-0.00,0.00,0.28,-0.29,-0.82,1100,1100,1100,1100,1030,1500,1518,10654,762
31074,9,2.60,4.20,0.00,0.012,-0.070,1.028,-0.41,0.45,0.00,0.00,0.41,-0.45,0.00,-0.00,1.42,-1.56,-1.18,-5.76,0.00,-0.00,0.00,-0.34,-0.63,30.54,1100,1100,1100,1100,1030,1500,1517,10654,762
31086,9,0.98,5.27,0.16,-0.019,-0.048,1.056,-0.33,0.16,0.00,0.00,0.33,-0.16,0.00,-0.00,1.16,-0.56,0.18,-5.83,0.00,-0.00,0.00,-0.08,-0.60,28.47,1100,1100,1100,1100,1030,1500,1517,10650,762
31098,9,-4.17,-4.16,-0.63,0.014,-0.073,1.018,-0.35,-0.04,0.00,0.00,0.35,0.04,0.00,-0.00,1.23,0.13,5.39,4.29,0.00,-0.00,0.00,0.74,0.91,48.17,1100,1100,1100,1100,1030,1500,1517,10667,762
31110,9,3.39,1.30,-0.58,0.019,-0.072,1.014,-0.35,-0.12,0.00,0.00,0.35,0.12,0.00,-0.00,1.23,0.42,-2.16,-0.87,0.00,-0.00,0.00,-0.49,-0.11,41.87,1100,1100,1100,1100,1030,1500,1517,10667,762
31122,9,0.85,7.58,0.40,-0.035,-0.046,1.063,-0.32,-0.34,0.00,0.00,0.32,0.34,0.00,-0.00,1.11,1.18,0.26,-6.40,0.00,-0.00,0.00,-0.08,-0.96,26.14,1100,1100,1100,1100,1030,1500,1517,10679,762
31134,9,-3.43,-3.42,-0.02,-0.011,-0.071,1.035,-0.35,-0.60,0.00,0.00,0.35,0.60,0.00,-0.00,1.23,2.11,4.66,5.53,0.00,-0.00,0.00,0.61,0.94,32.17,1100,1100,1100,1100,1030,1500,1518,10667,742
31146,9,1.33,-0.44,-0.33,-0.002,-0.071,1.020,-0.36,-0.74,0.00,0.00,0.36,0.74,0.00,-0.00,1.27,2.60,-0.06,3.04,0.00,-0.00,0.00,-0.17,0.21,37.87,1100,1100,1100,1100,1030,1500,1518,10667,742
31158,9,-1.11,4.12,-0.35,-0.038,-0.062,1.058,-0.36,-1.00,0.00,0.00,0.36,1.00,0.00,-0.00,1.27,3.49,2.38,-0.63,0.00,-0.00,0.00,0.24,-0.34,3.87,1100,1100,1100,1100,1030,1500,1518,10667,742
31170,9,-1.17,-0.20,-0.44,-0.012,-0.081,1.039,-0.39,-1.20,0.00,0.00,0.39,1.20,0.00,-0.00,1.35,4.19,2.52,4.39,0.00,-0.00,0.00,0.25,0.42,36.84,1100,1100,1100,1100,1030,1500,1518,10671,742
31182,9,3.84,1.71,0.35,0.016,-0.060,1.009,-0.39,-1.19,0.00,0.00,0.39,1.19,0.00,-0.00,1.35,4.18,-2.49,2.47,0.00,-0.00,0.00,-0.57,-0.06,25.66,1100,1100,1100,1100,1030,1500,1518,10663,742
31194,9,-3.61,0.80,-0.55,0.008,-0.060,1.035,-0.41,-1.13,0.00,0.00,0.41,1.13,0.00,-0.00,1.44,3.95,5.05,3.15,0.00,-0.00,0.00,0.66,0.15,42.32,1100,1100,1100,1100,1030,1500,1518,10658,742
31206,9,-0.77,0.82,-1.03,0.025,-0.089,1.026,-0.47,-1.02,0.00,0.00,0.47,1.02,0.00,-0.00,1.66,3.58,2.43,2.76,0.00,-0.00,0.00,0.19,0.19,47.71,1100,1100,1100,1100,1030,1500,1518,10667,742
31218,9,2.61,-2.20,0.33,0.061,-0.081,0.994,-0.56,-0.81,0.00,0.00,0.56,0.81,0.00,-0.00,1.96,2.83,-0.65,5.03,0.00,-0.00,0.00,-0.35,0.55,27.69,1100,1100,1100,1100,1030,1500,1518,10667,742
31230,9,-1.27,1.15,-0.28,0.054,-0.076,1.018,-0.64,-0.49,0.00,0.00,0.64,0.49,0.00,-0.00,2.25,1.70,3.53,0.55,0.00,-0.00,0.00,0.29,-0.20,2.18,1100,1100,1100,1100,1035,1500,1518,10667,787
31242,9,0.65,0.38,0.22,0.059,-0.091,0.999,-0.73,-0.28,0.00,0.00,0.73,0.28,0.00,-0.00,2.54,0.96,1.89,0.58,0.00,-0.00,0.00,-0.01,0.01,-3.98,1100,1100,1100,1100,1035,1500,1518,10667,787
31254,9,-0.45,-6.40,-0.39,0.081,-0.071,0.949,-0.80,0.07,0.00,0.00,0.80,-0.07,0.00,-0.00,2.80,-0.23,3.25,6.17,0.00,-0.00,0.00,0.16,0.80,5.98,1100,1100,1100,1100,1030,1500,1518,10663,787
31266,9,-1.37,-0.68,-0.76,0.053,-0.066,0.980,-0.80,0.29,0.00,0.00,0.80,-0.29,0.00,-0.00,2.81,-1.00,4.18,-0.32,0.00,-0.00,0.00,0.32,-0.17,10.68,1100,1100,1100,1100,1030,1500,1518,10667,787
31278,9,3.23,3.57,0.03,0.043,-0.071,1.007,-0.74,0.37,0.00,0.00,0.74,-0.37,0.00,-0.00,2.61,-1.31,-0.62,-4.88,0.00,-0.00,0.00,-0.41,-0.69,31.01,1100,1100,1100,1100,1030,1500,1518,10658,787
31290,9,-0.00,1.40,0.19,0.052,-0.061,1.005,-0.74,0.47,0.00,0.00,0.74,-0.47,0.00,-0.00,2.58,-1.64,2.58,-3.04,0.00,-0.00,0.00,0.12,-0.22,30.73,1100,1100,1100,1100,1030,1500,1518,10667,787
31302,9,-3.15,-5.09,-0.30,0.089,-0.089,0.959,-0.87,0.74,0.00,0.00,0.87,-0.74,0.00,-0.00,3.03,-2.59,6.18,2.51,0.00,-0.00,0.00,0.62,0.67,40.42,1100,1100,1100,1100,1030,1500,1518,10671,787
31314,9,2.38,-4.92,0.27,0.107,-0.082,0.933,-0.95,1.13,0.00,0.00,0.95,-1.13,0.00,-0.00,3.31,-3.95,0.93,0.98,0.00,-0.00,0.00,-0.27,0.45,31.84,1100,1100,1100,1100,1030,1500,1517,10667,787
31326,9,-0.42,-4.25,-0.34,0.099,-0.068,0.944,-0.98,1.46,0.00,0.00,0.98,-1.46,0.00,-0.00,3.42,-5.11,3.84,-0.86,0.00,-0.00,0.00,0.20,0.16,40.75,1100,1100,1100,1100,1030,1500,1517,10675,742
31338,9,-1.10,-5.03,0.27,0.093,-0.063,0.951,-0.97,1.72,0.00,0.00,0.97,-1.72,0.00,-0.00,3.39,-6.03,4.49,-1.00,0.00,-0.00,0.00,0.31,0.21,31.10,1100,1100,1100,1100,1030,1500,1517,10667,742
31350,9,0.53,-0.35,-0.17,0.076,-0.063,0.972,-0.91,1.86,0.00,0.00,0.91,-1.86,0.00,-0.00,3.20,-6.50,2.66,-6.15,0.00,-0.00,0.00,0.04,-0.45,34.38,1100,1100,1100,1100,1030,1500,1518,10683,742
31362,9,0.53,1.35,-1.03,0.048,-0.054,0.997,-0.80,1.82,0.00,0.00,0.80,-1.82,0.00,-0.00,2.79,-6.38,2.27,-7.74,0.00,-0.00,0.00,0.04,-0.50,45.31,1100,1100,1100,1100,1030,1500,1518,10675,742
31374,9,-1.47,-4.73,0.81,0.086,-0.075,0.971,-0.79,1.86,0.00,0.00,0.79,-1.86,0.00,-0.00,2.77,-6.51,4.24,-1.79,0.00,-0.00,0.00,0.35,0.46,18.33,1100,1100,1100,1100,1030,1500,1518,10679,742
31386,9,1.36,-4.76,0.39,0.123,-0.069,0.943,-0.80,2.20,0.00,0.00,0.80,-2.20,0.00,-0.00,2.79,-7.68,1.43,-2.93,0.00,-0.00,0.00,-0.11,0.15,27.50,1100,1100,1100,1100,1030,1500,1516,10667,742
31398,9,0.23,-0.65,-0.50,0.078,-0.055,0.965,-0.76,2.40,0.00,0.00,0.76,-2.40,0.00,-0.00,2.66,-8.39,2.43,-7.75,0.00,-0.00,0.00,0.07,-0.55,43.28,1100,1100,1100,1100,1030,1500,1516,10688,742
31410,9,-2.33,-1.65,-0.09,0.056,-0.081,0.978,-0.78,2.34,0.00,0.00,0.78,-2.34,0.00,-0.00,2.75,-8.17,5.08,-6.52,0.00,-0.00,0.00,0.48,-0.17,32.74,1100,1100,1100,1100,1030,1500,1518,10675,742
31422,9,1.73,-3.20,-0.02,0.092,-0.086,0.959,-0.84,2.39,0.00,0.00,0.84,-2.39,0.00,-0.00,2.94,-8.38,1.21,-5.17,0.00,-0.00,0.00,-0.19,-0.03,32.27,1100,1100,1100,1100,1030,1500,1518,10683,742
31434,9,1.99,-1.62,0.11,0.070,-0.051,0.958,-0.77,2.44,0.00,0.00,0.77,-2.44,0.00,-0.00,2.70,-8.53,0.72,-6.91,0.00,-0.00,0.00,-0.22,-0.36,-2.13,1100,1100,1100,1100,1030,1500,1518,10683,784
31446,9,-1.15,3.15,0.09,-0.002,-0.058,1.015,-0.73,2.19,0.00,0.00,0.73,-2.19,0.00,-0.00,2.55,-7.67,3.70,-10.82,0.00,-0.00,0.00,0.29,-0.92,-1.96,1100,1100,1100,1100,1030,1501,1517,10683,784
31458,9,-0.24,4.68,-0.90,-0.034,-0.073,1.043,-0.69,1.64,0.00,0.00,0.69,-1.64,0.00,-0.00,2.42,-5.73,2.66,-10.41,0.00,-0.00,0.00,0.14,-0.66,10.96,1100,1100,1100,1100,1030,1501,1517,10688,784
31470,9,1.10,-1.99,-0.38,-0.022,-0.045,1.038,-0.57,1.10,0.00,0.00,0.57,-1.10,0.00,-0.00,1.98,-3.86,0.88,-1.87,0.00,-0.00,0.00,-0.09,0.38,34.69,1100,1100,1100,1100,1030,1500,1517,10675,784
31482,9,-0.99,-3.10,0.16,-0.027,-0.062,1.037,-0.49,0.61,0.00,0.00,0.49,-0.61,0.00,-0.00,1.71,-2.13,2.70,0.98,0.00,-0.00,0.00,0.23,0.48,26.83,1100,1100,1100,1100,1030,1500,1517,10671,784
31494,9,4.07,7.08,-0.70,-0.034,-0.061,1.052,-0.43,0.19,0.00,0.00,0.43,-0.19,0.00,-0.00,1.52,-0.65,-2.55,-7.73,0.00,-0.00,0.00,-0.59,-1.05,39.72,1100,1100,1100,1100,1030,1500,1518,10675,784
31506,9,-1.04,4.44,-0.82,-0.053,-0.044,1.076,-0.38,-0.25,0.00,0.00,0.38,0.25,0.00,-0.00,1.32,0.88,2.36,-3.57,0.00,-0.00,0.00,0.24,-0.42,39.36,1100,1100,1100,1100,1030,1500,1518,10667,784
31518,9,-2.60,1.95,-0.67,-0.044,-0.075,1.077,-0.35,-0.65,0.00,0.00,0.35,0.65,0.00,-0.00,1.22,2.29,3.82,0.34,0.00,-0.00,0.00,0.48,0.08,33.75,1100,1100,1100,1100,1030,1500,1518,10658,784
31530,9,4.56,4.41,-0.42,-0.036,-0.064,1.068,-0.28,-0.95,0.00,0.00,0.28,0.95,0.00,-0.00,0.97,3.34,-3.59,-1.07,0.00,-0.00,0.00,-0.68,-0.33,36.14,1100,1100,1100,1100,1030,1500,1518,10650,744
31542,9,-1.82,1.74,0.01,-0.040,-0.041,1.074,-0.24,-1.27,0.00,0.00,0.24,1.27,0.00,-0.00,0.83,4.44,2.65,2.70,0.00,-0.00,0.00,0.34,0.17,30.63,1100,1100,1100,1100,1030,1500,1518,10658,744
31554,9,-2.99,-3.33,-0.51,0.011,-0.081,1.032,-0.28,-1.36,0.00,0.00,0.28,1.36,0.00,-0.00,0.98,4.75,3.98,8.08,0.00,-0.00,0.00,0.53,0.95,3.92,1100,1100,1100,1100,1030,1501,1517,10654,744
31566,9,3.09,-1.88,-0.16,0.052,-0.078,0.998,-0.34,-1.21,0.00,0.00,0.34,1.21,0.00,-0.00,1.20,4.23,-1.89,6.11,0.00,-0.00,0.00,-0.45,0.66,-1.44,1100,1100,1100,1100,1030,1500,1517,10667,744
31578,9,-1.61,-7.37,0.96,0.081,-0.060,0.969,-0.42,-0.84,0.00,0.00,0.42,0.84,0.00,-0.00,1.48,2.95,3.09,10.32,0.00,-0.00,0.00,0.32,1.11,17.94,1100,1100,1100,1100,1030,1500,1517,10671,744
31590,9,-0.55,-1.74,0.12,0.063,-0.075,0.985,-0.46,-0.52,0.00,0.00,0.46,0.52,0.00,-0.00,1.60,1.80,2.15,3.55,0.00,-0.00,0.00,0.15,0.06,33.33,1100,1100,1100,1100,1030,1500,1517,10650,744
31602,9,2.85,5.85,-0.34,0.025,-0.056,1.014,-0.44,-0.38,0.00,0.00,0.44,0.38,0.00,-0.00,1.55,1.34,-1.30,-4.52,0.00,-0.00,0.00,-0.40,-1.08,39.94,1100,1100,1100,1100,1030,1500,1517,10658,744
31614,9,-4.59,-2.35,-0.38,0.019,-0.062,1.008,-0.45,-0.40,0.00,0.00,0.45,0.40,0.00,-0.00,1.56,1.40,6.16,3.75,0.00,-0.00,0.00,0.82,0.48,37.75,1100,1100,1100,1100,1030,1500,1517,10667,744
31626,9,1.90,-3.11,-0.48,0.051,-0.083,0.990,-0.46,-0.32,0.00,1.89,0.46,2.21,0.00,-0.00,1.63,7.73,-0.27,10.85,0.00,-0.00,0.00,-0.25,0.74,38.40,1100,1100,1100,1100,1031,1500,1521,10671,798
31638,9,3.03,5.67,0.05,-0.011,-0.047,1.022,-0.39,-0.38,0.00,1.89,0.39,2.27,0.00,-0.00,1.35,7.95,-1.68,2.28,0.00,-0.00,0.00,-0.43,-0.59,-4.87,1100,1100,1100,1100,1031,1500,1521,10683,798
31650,9,-4.15,-0.28,0.03,-0.027,-0.054,1.057,-0.34,-0.67,0.00,0.00,0.34,0.67,0.00,-0.00,1.18,2.33,5.32,2.61,0.00,-0.00,0.00,0.73,0.34,-4.60,1100,1100,1100,1100,1030,1499,1518,10679,798
31662,9,-0.51,-4.71,-0.45,0.027,-0.076,0.998,-0.32,-0.77,0.00,0.00,0.32,0.77,0.00,-0.00,1.13,2.69,1.64,7.40,0.00,-0.00,0.00,0.12,0.93,3.28,1100,1100,1100,1100,1030,1499,1518,10675,798
31674,9,2.31,-1.30,-0.22,0.049,-0.059,0.992,-0.31,-0.61,0.00,0.00,0.31,0.61,0.00,-0.00,1.10,2.14,-1.21,3.45,0.00,-0.00,0.00,-0.34,0.03,31.33,1100,1100,1100,1100,1030,1500,1518,10679,798
31686,9,-1.94,-3.10,0.21,0.066,-0.065,0.992,-0.32,-0.37,0.00,0.00,0.32,0.37,0.00,-0.00,1.11,1.30,3.05,4.40,0.00,-0.00,0.00,0.37,0.35,25.44,1100,1100,1100,1100,1030,1499,1518,10679,798
31698,9,2.85,1.92,0.12,0.055,-0.067,0.989,-0.31,-0.12,0.00,0.00,0.31,0.12,0.00,-0.00,1.10,0.43,-1.76,-1.49,0.00,-0.00,0.00,-0.41,-0.48,29.90,1100,1100,1100,1100,1030,1499,1518,10675,798
31710,9,-1.61,1.92,-0.52,0.027,-0.052,0.998,-0.32,-0.02,0.00,0.00,0.32,0.02,0.00,-0.00,1.12,0.06,2.73,-1.86,0.00,-0.00,0.00,0.30,-0.39,38.80,1100,1100,1100,1100,1030,1501,1517,10679,798
31722,9,-2.55,5.31,-0.69,-0.008,-0.081,1.041,-0.35,-0.15,0.00,0.00,0.35,0.15,0.00,-0.00,1.24,0.52,3.79,-4.79,0.00,-0.00,0.00,0.47,-0.58,41.01,1100,1100,1100,1100,1030,1501,1517,10675,798
31734,9,3.10,-4.12,0.65,0.068,-0.083,0.978,-0.43,-0.09,0.00,0.00,0.43,0.09,0.00,-0.00,1.50,0.33,-1.60,4.45,0.00,-0.00,0.00,-0.45,0.90,22.56,1100,1100,1100,1100,1030,1500,1518,10667,742
31746,9,-1.51,-5.91,-0.38,0.100,-0.062,0.938,-0.54,0.30,0.00,0.00,0.54,-0.30,0.00,-0.00,1.90,-1.05,3.41,4.86,0.00,-0.00,0.00,0.32,0.73,39.76,1100,1100,1100,1100,1030,1499,1518,10658,742
31758,9,-0.42,4.95,-0.31,0.051,-0.082,0.994,-0.62,0.53,0.00,0.00,0.62,-0.53,0.00,-0.00,2.19,-1.84,2.61,-6.79,0.00,-0.00,0.00,0.16,-0.93,2.89,1100,1100,1100,1100,1030,1499,1518,10675,742
31770,9,1.56,2.10,-0.13,0.054,-0.075,0.998,-0.67,0.62,0.00,0.00,0.67,-0.62,0.00,-0.00,2.35,-2.18,0.78,-4.28,0.00,-0.00,0.00,-0.16,-0.35,35.21,1100,1100,1100,1100,1030,1500,1517,10683,742
31782,9,-1.32,-0.58,-0.29,0.063,-0.064,0.989,-0.67,0.79,0.00,0.00,0.67,-0.79,0.00,-0.00,2.35,-2.78,3.67,-2.20,0.00,-0.00,0.00,0.30,0.03,37.26,1100,1100,1100,1100,1030,1500,1517,10675,742
31794,9,0.55,-0.42,0.09,0.046,-0.068,0.989,-0.66,0.82,0.00,0.00,0.66,-0.82,0.00,-0.00,2.30,-2.88,1.76,-2.46,0.00,-0.00,0.00,-0.01,-0.13,28.50,1100,1100,1100,1100,1030,1500,1517,10658,742
31806,9,-1.09,1.48,-0.86,0.023,-0.056,1.020,-0.62,0.75,0.00,0.00,0.62,-0.75,0.00,-0.00,2.18,-2.64,3.28,-4.12,0.00,-0.00,0.00,0.26,-0.39,42.60,1100,1100,1100,1100,1030,1500,1517,10658,742
31818,9,-0.91,0.49,-0.97,0.031,-0.077,1.009,-0.65,0.69,0.00,0.00,0.65,-0.69,0.00,-0.00,2.29,-2.43,3.20,-2.92,0.00,-0.00,0.00,0.22,-0.13,43.02,1100,1100,1100,1100,1030,1500,1517,10671,742
31830,9,1.98,-0.26,0.41,0.040,-0.075,0.993,-0.68,0.63,0.00,0.00,0.68,-0.63,0.00,-0.00,2.38,-2.22,0.40,-1.96,0.00,-0.00,0.00,-0.24,-0.01,29.94,1100,1100,1100,1100,1030,1500,1517,10683,742
31842,9,0.56,1.60,-0.58,0.043,-0.061,1.005,-0.71,0.65,0.00,0.00,0.71,-0.65,0.00,-0.00,2.47,-2.28,1.91,-3.88,0.00,-0.00,0.00,0.01,-0.42,46.34,1100,1100,1100,1100,1030,1500,1517,10683,742
31854,9,-2.67,-2.63,-0.54,0.065,-0.070,0.984,-0.73,0.77,0.00,0.00,0.73,-0.77,0.00,-0.00,2.54,-2.71,5.21,-0.08,0.00,-0.00,0.00,0.53,0.19,46.26,1100,1100,1100,1100,1029,1500,1518,10683,742
31866,9,0.48,2.03,-0.24,0.047,-0.076,0.981,-0.76,0.91,0.00,0.00,0.76,-0.91,0.00,-0.00,2.67,-3.18,2.19,-5.21,0.00,-0.00,0.00,0.02,-0.54,41.66,1100,1100,1100,1100,1030,1500,1518,10671,742
31878,9,1.48,2.18,-0.63,0.022,-0.062,1.007,-0.75,0.82,0.00,0.00,0.75,-0.82,0.00,-0.00,2.61,-2.87,1.13,-5.05,0.00,-0.00,0.00,-0.15,-0.43,5.62,1100,1100,1100,1100,1030,1500,1518,10683,742
31890,9,-0.06,0.16,-0.48,0.023,-0.060,1.010,-0.69,0.65,0.00,0.00,0.69,-0.65,0.00,-0.00,2.43,-2.29,2.50,-2.44,0.00,-0.00,0.00,0.11,-0.01,32.33,1100,1100,1100,1100,1030,1500,1518,10675,742
31902,9,-0.41,-1.09,-0.58,0.029,-0.072,1.003,-0.71,0.53,0.00,0.00,0.71,-0.53,0.00,-0.00,2.50,-1.87,2.91,-0.78,0.00,-0.00,0.00,0.16,0.14,33.60,1100,1100,1100,1100,1030,1500,1518,10671,742
31914,9,-0.12,-0.57,-1.02,0.034,-0.066,1.009,-0.72,0.49,0.00,0.00,0.72,-0.49,0.00,-0.00,2.52,-1.72,2.63,-1.15,0.00,-0.00,0.00,0.11,-0.07,39.58,1100,1100,1100,1100,1030,1500,1518,10663,742
31926,9,1.08,0.48,0.61,0.034,-0.060,1.005,-0.67,0.49,0.00,0.00,0.67,-0.49,0.00,-0.00,2.34,-1.71,1.26,-2.18,0.00,-0.00,0.00,-0.08,-0.20,15.31,1100,1100,1100,1100,1030,1500,1518,10667,744
31938,9,-0.84,5.24,-0.53,-0.002,-0.068,1.033,-0.64,0.34,0.00,0.00,0.64,-0.34,0.00,-0.00,2.25,-1.19,3.09,-6.42,0.00,-0.00,0.00,0.21,-0.78,36.19,1100,1100,1100,1100,1030,1500,1518,10667,744
31950,9,0.21,-0.56,-0.63,0.030,-0.069,1.015,-0.65,0.22,0.00,0.00,0.65,-0.22,0.00,-0.00,2.28,-0.77,2.07,-0.21,0.00,-0.00,0.00,0.05,0.18,36.02,1100,1100,1100,1100,1030,1500,1518,10654,744
31962,9,-0.18,2.17,-0.19,0.030,-0.073,1.023,-0.66,0.24,0.00,0.00,0.66,-0.24,0.00,-0.00,2.32,-0.83,2.50,-3.00,0.00,-0.00,0.00,0.13,-0.30,29.05,1100,1100,1100,1100,1030,1500,1518,10650,744
31974,9,0.68,-2.91,-0.13,0.060,-0.085,0.987,-0.73,0.33,0.00,0.00,0.73,-0.33,0.00,-0.00,2.55,-1.16,1.87,1.75,0.00,-0.00,0.00,-0.01,0.54,28.89,1100,1100,1100,1100,1031,1500,1517,10667,744
31986,9,1.98,-3.89,0.42,0.075,-0.068,0.971,-0.77,0.53,0.00,0.00,0.77,-0.53,0.00,-0.00,2.68,-1.85,0.70,2.04,0.00,-0.00,0.00,-0.23,0.43,21.88,1100,1100,1100,1100,1032,1500,1518,10663,744
31998,9,-1.60,-1.79,0.58,0.074,-0.068,0.970,-0.80,0.78,0.00,0.00,0.80,-0.78,0.00,-0.00,2.80,-2.74,4.40,-0.95,0.00,-0.00,0.00,0.36,-0.07,19.76,1100,1100,1100,1100,1032,1500,1518,10667,744
32010,9,-0.74,1.09,-0.83,0.035,-0.080,0.987,-0.83,0.83,0.00,0.00,0.83,-0.83,0.00,-0.00,2.89,-2.89,3.63,-3.98,0.00,-0.00,0.00,0.24,-0.42,39.54,1100,1100,1100,1100,1032,1500,1518,10663,744
32022,9,1.26,0.76,0.28,0.014,-0.070,1.007,-0.84,0.67,0.00,0.00,0.84,-0.67,0.00,-0.00,2.93,-2.33,1.67,-3.10,0.00,-0.00,0.00,-0.10,-0.20,22.44,1100,1100,1100,1100,1032,1500,1518,10667,744
32034,9,-0.99,-0.50,0.36,0.029,-0.071,0.999,-0.83,0.55,0.00,0.00,0.83,-0.55,0.00,-0.00,2.90,-1.91,3.89,-1.41,0.00,-0.00,0.00,0.27,0.05,-5.97,1100,1100,1100,1100,1032,1500,1518,10667,755
32046,9,1.92,0.78,-0.61,0.034,-0.062,0.995,-0.77,0.49,-2.79,0.00,-2.02,-0.49,0.00,-0.00,-7.08,-1.73,-9.00,-2.51,0.00,-0.00,0.00,-0.60,-0.21,8.92,1100,1100,1100,1100,1032,1469,1517,10667,755
32058,9,-2.10,-0.72,-0.15,0.043,-0.063,1.006,-0.73,0.49,-2.79,0.00,-2.06,-0.49,0.00,-0.00,-7.21,-1.71,-5.11,-0.99,0.00,-0.00,0.00,0.05,0.05,26.01,1100,1100,1100,1100,1032,1469,1517,10646,755
32070,9,-0.63,1.44,-0.05,0.055,-0.076,0.995,-0.74,0.61,0.00,0.00,0.74,-0.61,0.00,-0.00,2.59,-2.13,3.22,-3.57,0.00,-0.00,0.00,0.20,-0.27,25.56,1100,1100,1100,1100,1036,1500,1516,10650,755
32082,9,1.81,2.53,0.06,0.048,-0.074,0.997,-0.71,0.68,0.00,0.00,0.71,-0.68,0.00,-0.00,2.50,-2.37,0.69,-4.90,0.00,-0.00,0.00,-0.19,-0.44,25.21,1100,1100,1100,1100,1036,1500,1516,10650,755
32094,9,-1.63,-1.28,-0.26,0.057,-0.065,0.985,-0.73,0.78,0.00,0.00,0.73,-0.78,0.00,-0.00,2.57,-2.72,4.20,-1.43,0.00,-0.00,0.00,0.35,0.01,2.25,1100,1100,1100,1100,1036,1501,1518,10658,755
32106,9,-1.24,-2.43,-0.88,0.039,-0.077,0.986,-0.76,0.77,0.00,0.00,0.76,-0.77,0.00,-0.00,2.66,-2.70,3.90,-0.27,0.00,-0.00,0.00,0.29,0.16,10.11,1100,1100,1100,1100,1038,1495,1517,10650,755
32118,9,2.72,-0.68,-0.09,0.044,-0.057,0.995,-0.66,0.72,0.00,0.00,0.66,-0.72,0.00,-0.00,2.31,-2.53,-0.41,-1.85,0.00,-0.00,0.00,-0.35,-0.16,-2.59,1100,1100,1100,1100,1038,1495,1517,10671,755
32130,9,-0.82,1.74,0.10,0.038,-0.056,1.001,-0.59,0.74,0.00,0.00,0.59,-0.74,0.00,-0.00,2.06,-2.58,2.88,-4.32,0.00,-0.00,0.00,0.22,-0.57,-3.53,1100,1100,1100,1100,1040,1500,1517,10667,745
32142,9,0.09,5.72,-0.82,-0.001,-0.064,1.021,-0.55,0.55,0.00,0.00,0.55,-0.55,0.00,-0.00,1.91,-1.92,1.83,-7.63,0.00,-0.00,0.00,0.05,-0.98,9.83,1100,1100,1100,1100,1040,1500,1517,10675,745
32154,9,-0.70,-0.29,-0.40,0.006,-0.058,1.012,-0.48,0.33,0.00,3.24,0.48,2.91,0.00,-0.00,1.69,10.18,2.39,10.47,0.00,-0.00,0.00,0.20,0.48,2.38,1100,1100,1100,1100,1023,1499,1536,10671,745
32166,9,-0.92,-1.00,-0.22,0.010,-0.069,1.020,-0.47,0.15,0.00,2.07,0.47,1.92,0.00,-0.00,1.64,6.73,2.56,7.73,0.00,-0.00,0.00,0.22,0.43,0.25,1100,1100,1100,1100,1037,1500,1523,10671,745
32178,9,1.94,-1.62,0.09,0.024,-0.068,0.999,-0.48,0.01,0.00,2.07,0.48,2.06,0.00,-0.00,1.68,7.21,-0.26,8.83,0.00,-0.00,0.00,-0.25,0.51,-2.96,1100,1100,1100,1100,1037,1500,1523,10658,745
32190,9,0.11,-1.03,0.03,0.024,-0.054,0.997,-0.47,-0.01,0.00,0.00,0.47,0.01,0.00,-0.00,1.64,0.05,1.54,1.08,0.00,-0.00,0.00,0.05,-0.01,116.80,1100,1100,1100,1100,1044,1501,1518,10663,745
32202,9,-1.85,-1.98,-0.55,0.021,-0.069,0.993,-0.47,-0.07,0.00,0.00,0.47,0.07,0.00,-0.00,1.66,0.24,3.52,2.22,0.00,-0.00,0.00,0.36,0.16,125.57,1100,1100,1100,1100,1044,1501,1518,10663,745
32214,9,1.09,3.51,-0.10,0.006,-0.070,1.023,-0.47,-0.18,0.00,0.00,0.47,0.18,0.00,-0.00,1.64,0.62,0.55,-2.88,0.00,-0.00,0.00,-0.11,-0.62,-0.02,1100,1100,1100,1100,1050,1498,1520,10663,745
32226,9,-1.02,-3.11,-0.53,0.046,-0.074,0.989,-0.52,-0.14,0.00,0.00,0.52,0.14,0.00,-0.00,1.83,0.50,2.85,3.61,0.00,-0.00,0.00,0.24,0.44,6.09,1100,1100,1100,1100,1050,1500,1518,10658,778
32238,9,1.43,0.25,-0.28,0.056,-0.070,0.983,-0.55,0.02,0.00,0.00,0.55,-0.02,0.00,-0.00,1.94,-0.06,0.51,-0.30,0.00,-0.00,0.00,-0.15,-0.15,1.51,1100,1100,1100,1100,1050,1500,1518,10658,778
32250,9,-0.47,2.46,-0.05,0.029,-0.070,1.006,-0.60,0.09,0.00,0.00,0.60,-0.09,0.00,-0.00,2.12,-0.31,2.59,-2.77,0.00,-0.00,0.00,0.17,-0.41,43.88,1100,1100,1100,1100,1052,1499,1513,10671,778
32262,9,-2.24,-1.49,-0.57,0.045,-0.089,0.990,-0.71,0.19,0.00,0.00,0.71,-0.19,0.00,-0.00,2.49,-0.68,4.73,0.82,0.00,-0.00,0.00,0.44,0.21,52.11,1100,1100,1100,1100,1052,1499,1513,10671,778
32274,9,2.99,1.16,-0.07,0.044,-0.077,0.986,-0.75,0.26,0.00,0.00,0.75,-0.26,0.00,-0.00,2.62,-0.90,-0.38,-2.06,0.00,-0.00,0.00,-0.39,-0.19,44.37,1100,1100,1100,1100,1052,1500,1518,10663,778
32286,9,0.04,4.75,0.21,-0.002,-0.063,1.030,-0.75,0.15,0.00,0.00,0.75,-0.15,0.00,-0.00,2.64,-0.52,2.60,-5.27,0.00,-0.00,0.00,0.11,-0.70,40.42,1100,1100,1100,1100,1053,1500,1518,10663,778
32298,9,-2.69,-4.50,-0.53,0.040,-0.087,1.000,-0.81,0.08,0.00,0.00,0.81,-0.08,0.00,-0.00,2.85,-0.27,5.54,4.23,0.00,-0.00,0.00,0.55,0.89,6.15,1100,1100,1100,1100,1053,1500,1518,10688,778
32310,9,3.44,-1.20,-0.39,0.076,-0.070,0.977,-0.81,0.30,0.00,0.00,0.81,-0.30,0.00,-0.00,2.82,-1.05,-0.62,0.16,0.00,-0.00,0.00,-0.44,0.08,4.09,1100,1100,1100,1100,1053,1500,1518,10671,778
32322,9,-1.21,0.98,0.29,0.049,-0.063,1.000,-0.78,0.49,0.00,0.00,0.78,-0.49,0.00,-0.00,2.72,-1.71,3.93,-2.69,0.00,-0.00,0.00,0.32,-0.30,-6.94,1100,1100,1100,1100,1053,1500,1518,10679,778
32334,9,-0.27,3.81,-0.36,0.035,-0.080,1.010,-0.80,0.52,0.00,0.00,0.80,-0.52,0.00,-0.00,2.82,-1.82,3.08,-5.63,0.00,-0.00,0.00,0.15,-0.57,51.95,1100,1100,1100,1100,1066,1500,1518,10663,743
32346,9,2.18,-1.45,0.03,0.053,-0.056,0.983,-0.76,0.57,0.00,0.00,0.76,-0.57,0.00,-0.00,2.66,-2.01,0.48,-0.56,0.00,-0.00,0.00,-0.24,0.25,45.98,1100,1100,1100,1100,1066,1500,1518,10658,743
32358,9,-3.51,-2.99,-0.65,0.049,-0.067,0.988,-0.75,0.67,0.00,0.00,0.75,-0.67,0.00,-0.00,2.64,-2.33,6.14,0.66,0.00,-0.00,0.00,0.68,0.34,56.72,1100,1100,1100,1100,1066,1500,1518,10663,743
32370,9,2.30,0.26,-0.15,0.055,-0.081,0.990,-0.75,0.73,0.00,0.00,0.75,-0.73,0.00,-0.00,2.62,-2.55,0.33,-2.81,0.00,-0.00,0.00,-0.27,-0.18,25.80,1100,1100,1100,1100,1071,1501,1516,10671,743
32382,9,2.33,1.11,0.66,0.051,-0.059,0.981,-0.76,0.78,0.00,0.00,0.76,-0.78,0.00,-0.00,2.66,-2.72,0.33,-3.83,0.00,-0.00,0.00,-0.28,-0.36,14.56,1100,1100,1100,1100,1071,1501,1516,10667,743
32394,9,-4.61,-8.19,-0.33,0.090,-0.078,0.957,-0.84,0.99,0.00,0.00,0.84,-0.99,0.00,-0.00,2.94,-3.45,7.55,4.74,0.00,-0.00,0.00,0.85,0.97,48.29,1100,1100,1100,1100,1072,1500,1517,10658,743
32406,1,2.46,-0.30,-0.57,0.100,-0.086,0.958,-0.88,1.33,0.00,0.00,0.88,-1.33,0.00,-0.00,3.08,-4.67,0.62,-4.37,0.00,-0.00,0.00,-0.28,-0.49,52.03,1100,1100,1100,1100,1092,1485,1516,10663,743
32418,1,1.39,1.34,0.36,0.091,-0.065,0.958,-0.89,1.63,0.00,0.00,0.89,-1.63,0.01,-0.01,3.14,-5.72,1.75,-7.06,0.00,-0.00,-0.00,-0.09,-0.63,-6.67,1100,1100,1100,1100,1092,1485,1516,10663,743
32430,1,-1.95,-4.18,-0.38,0.082,-0.074,0.952,-0.97,1.84,0.00,0.00,0.97,-1.84,0.02,-0.03,3.40,-6.46,5.35,-2.29,0.00,-0.00,0.00,0.46,0.25,5.30,1100,1100,1100,1100,1082,1501,1516,10667,760
32442,1,0.71,-1.98,-0.22,0.068,-0.068,0.961,-0.93,1.86,0.00,0.00,0.93,-1.86,0.03,-0.05,3.27,-6.57,2.56,-4.60,0.00,-0.00,0.00,0.02,-0.10,0.99,1100,1100,1100,1100,1082,1501,1516,10667,760
32454,1,-2.26,-0.20,-0.72,0.071,-0.076,0.979,-0.94,1.96,0.00,0.00,0.94,-1.96,0.04,-0.07,3.32,-6.93,5.58,-6.73,0.00,-0.01,0.00,0.49,-0.43,7.41,1100,1100,1100,1100,1094,1500,1518,10667,760
32466,1,-1.02,-1.60,-0.08,0.054,-0.090,0.968,-1.03,1.96,0.00,0.00,1.03,-1.96,0.05,-0.09,3.66,-6.95,4.68,-5.35,0.00,-0.01,0.00,0.27,-0.25,-2.38,1100,1100,1100,1100,1094,1499,1519,10658,760
32478,1,1.88,-0.21,0.29,0.037,-0.057,0.986,-1.00,1.82,0.00,0.00,1.00,-1.82,0.06,-0.11,3.54,-6.46,1.66,-6.26,0.01,-0.01,0.00,-0.24,-0.44,43.35,1100,1100,1100,1100,1094,1499,1519,10654,760
32490,1,-3.61,-1.28,-0.85,0.016,-0.061,1.004,-0.95,1.59,0.00,0.00,0.95,-1.59,0.07,-0.12,3.40,-5.70,7.01,-4.43,0.01,-0.01,0.01,0.67,-0.17,11.16,1100,1100,1100,1100,1097,1500,1517,10663,760
32502,1,0.98,3.03,-0.42,0.013,-0.074,1.021,-0.86,1.33,0.00,0.00,0.86,-1.33,0.07,-0.14,3.08,-4.79,2.10,-7.81,0.01,-0.01,0.01,-0.05,-0.63,3.12,1100,1100,1100,1100,1097,1500,1517,10650,760
32514,1,1.89,2.19,0.20,0.004,-0.058,1.021,-0.76,1.06,0.00,0.00,0.76,-1.06,0.08,-0.15,2.73,-3.85,0.84,-6.04,0.01,-0.01,0.01,-0.21,-0.40,-6.15,1100,1100,1100,1100,1096,1499,1519,10650,760
32526,1,-2.50,-0.77,-0.22,-0.004,-0.059,1.037,-0.72,0.72,0.00,0.00,0.72,-0.72,0.09,-0.15,2.61,-2.68,5.11,-1.91,0.01,-0.01,0.01,0.50,0.18,1.33,1100,1100,1100,1100,1096,1497,1518,10650,824
32538,1,0.54,0.94,-0.30,0.013,-0.074,1.019,-0.68,0.51,0.00,0.00,0.68,-0.51,0.10,-0.16,2.48,-1.96,1.94,-2.90,0.01,-0.01,0.01,0.02,-0.07,2.70,1100,1100,1100,1100,1096,1497,1518,10654,824
32550,1,0.31,-2.47,-0.38,0.048,-0.074,0.981,-0.73,0.50,0.00,0.00,0.73,-0.50,0.10,-0.16,2.65,-1.92,2.33,0.55,0.01,-0.01,0.01,0.06,0.29,4.27,1100,1100,1100,1100,1098,1500,1519,10675,824
32562,1,-0.38,-2.18,-0.38,0.033,-0.072,0.975,-0.77,0.52,0.00,0.00,0.77,-0.52,0.11,-0.17,2.81,-2.00,3.19,0.17,0.01,-0.01,0.01,0.16,0.07,4.20,1100,1100,1100,1100,1098,1500,1519,10683,824
32574,1,1.85,4.80,-0.24,-0.005,-0.064,1.017,-0.71,0.35,0.00,0.00,0.71,-0.35,0.12,-0.17,2.59,-1.39,0.74,-6.19,0.01,-0.01,0.01,-0.19,-0.87,1.04,1100,1100,1100,1100,1099,1500,1518,10675,824
32586,1,-0.55,-2.34,-0.49,0.016,-0.064,1.005,-0.67,0.14,0.00,0.00,0.67,-0.14,0.12,-0.18,2.46,-0.66,3.01,1.68,0.01,-0.02,0.01,0.20,0.39,3.84,1100,1100,1100,1100,1108,1499,1518,10679,824
32598,1,-1.36,-2.28,0.14,0.024,-0.074,0.994,-0.70,0.05,0.00,0.00,0.70,-0.05,0.13,-0.18,2.59,-0.36,3.96,1.92,0.01,-0.01,0.01,0.31,0.25,-4.21,1100,1100,1100,1100,1108,1499,1518,10658,824
32610,1,1.54,2.27,-0.03,0.002,-0.060,1.016,-0.63,-0.07,0.00,0.00,0.63,0.07,0.14,-0.18,2.33,0.06,0.78,-2.21,0.01,-0.02,0.01,-0.15,-0.40,24.75,1100,1100,1100,1100,1108,1500,1518,10667,824
32622,1,0.58,-0.41,-0.68,-0.001,-0.053,1.018,-0.54,-0.28,0.00,0.00,0.54,0.28,0.14,-0.17,2.03,0.81,1.44,1.22,0.01,-0.02,0.01,0.01,0.21,34.24,1100,1100,1100,1100,1108,1500,1518,10667,824
32634,1,-2.54,-5.94,0.34,0.034,-0.058,0.981,-0.52,-0.35,0.00,0.00,0.52,0.35,0.15,-0.17,1.97,1.06,4.51,7.00,0.01,-0.01,0.01,0.49,0.95,20.75,1100,1100,1100,1100,1118,1498,1518,10667,821
32646,1,-1.13,-3.43,0.17,0.076,-0.078,0.964,-0.53,-0.11,0.00,0.00,0.53,0.11,0.15,-0.17,2.01,0.23,3.14,3.66,0.01,-0.01,0.01,0.26,0.35,25.07,1100,1100,1100,1100,1129,1501,1516,10667,821
32658,1,2.31,2.18,-0.57,0.078,-0.072,0.957,-0.56,0.24,0.00,0.00,0.56,-0.24,0.16,-0.17,2.13,-0.99,-0.18,-3.17,0.01,-0.01,0.03,-0.29,-0.59,230.35,1100,1100,1100,1100,1129,1501,1516,10658,821
32670,1,-0.26,1.90,-0.04,0.060,-0.063,0.975,-0.60,0.49,0.00,0.00,0.60,-0.49,0.16,-0.17,2.26,-1.89,2.52,-3.78,0.02,-0.01,0.04,0.14,-0.58,26.04,1100,1100,1100,1100,1130,1500,1517,10663,821
32682,1,-1.29,1.65,-0.98,0.049,-0.072,0.999,-0.63,0.63,0.00,0.00,0.63,-0.63,0.17,-0.18,2.39,-2.40,3.68,-4.05,0.02,-0.01,0.04,0.31,-0.46,38.51,1100,1100,1100,1100,1130,1500,1517,10663,821
32694,1,1.36,8.28,-0.79,-0.027,-0.054,1.043,-0.57,0.44,0.00,0.00,0.57,-0.44,0.17,-0.18,2.18,-1.71,0.82,-9.99,0.02,-0.02,0.04,-0.13,-1.36,37.15,1100,1100,1100,1100,1133,1500,1518,10654,821
32706,1,-2.10,1.52,0.24,-0.033,-0.073,1.048,-0.57,0.03,0.00,0.00,0.57,-0.03,0.18,-0.19,2.16,-0.31,4.26,-1.83,0.02,-0.02,0.05,0.43,-0.03,21.43,1100,1100,1100,1100,1133,1500,1518,10671,821
32718,1,1.61,-2.11,0.12,0.028,-0.080,1.013,-0.58,-0.16,0.00,0.00,0.58,0.16,0.19,-0.18,2.22,0.36,0.61,2.47,0.02,-0.02,0.05,-0.17,0.55,25.04,1100,1100,1100,1100,1133,1500,1518,10667,821
32730,1,0.06,2.54,-0.54,0.036,-0.059,1.008,-0.59,-0.07,0.00,0.00,0.59,0.07,0.19,-0.18,2.25,0.07,2.19,-2.47,0.02,-0.02,0.05,0.09,-0.43,73.77,1100,1100,1100,1100,1138,1500,1517,10667,746
32742,1,-3.17,0.80,-0.02,0.012,-0.082,1.016,-0.63,-0.05,0.00,0.00,0.63,0.05,0.20,-0.18,2.41,-0.01,5.58,-0.82,0.02,-0.02,0.05,0.62,-0.10,65.57,1100,1100,1100,1100,1138,1500,1517,10667,746
32754,1,2.55,1.86,-0.26,0.007,-0.075,1.019,-0.62,-0.17,0.00,0.00,0.62,0.17,0.20,-0.18,2.38,0.40,-0.17,-1.46,0.02,-0.02,0.06,-0.31,-0.17,69.15,1100,1100,1100,1100,1143,1499,1518,10667,746
32766,1,1.26,4.49,0.14,-0.011,-0.048,1.043,-0.55,-0.37,0.00,0.00,0.55,0.37,0.21,-0.18,2.13,1.11,0.87,-3.38,0.02,-0.02,0.06,-0.08,-0.46,62.69,1100,1100,1100,1100,1142,1501,1517,10667,746
32778,1,-4.00,-3.98,-0.32,0.014,-0.075,1.023,-0.58,-0.46,0.00,0.00,0.58,0.46,0.21,-0.18,2.26,1.43,6.26,5.41,0.02,-0.02,0.07,0.75,0.80,68.27,1100,1100,1100,1100,1142,1501,1517,10683,746
32790,1,3.78,3.64,-1.17,0.011,-0.070,1.021,-0.55,-0.50,0.00,0.00,0.55,0.50,0.22,-0.17,2.14,1.60,-1.64,-2.05,0.02,-0.02,0.07,-0.51,-0.49,52.61,1100,1100,1100,1100,1147,1500,1517,10683,746
32802,1,0.58,1.22,-0.24,0.002,-0.040,1.029,-0.48,-0.59,0.00,0.00,0.48,0.59,0.22,-0.17,1.90,1.88,1.32,0.66,0.02,-0.02,0.08,0.01,0.00,36.87,1100,1100,1100,1100,1147,1500,1517,10671,746
32814,1,-2.51,-3.22,0.33,0.042,-0.074,0.998,-0.48,-0.52,0.00,0.00,0.48,0.52,0.23,-0.16,1.91,1.64,4.42,4.86,0.02,-0.02,0.08,0.51,0.65,54.99,1100,1100,1100,1100,1149,1499,1519,10679,746
32826,1,3.23,2.04,-0.27,0.041,-0.070,1.003,-0.49,-0.40,0.00,0.00,0.49,0.40,0.23,-0.16,1.96,1.24,-1.26,-0.80,0.02,-0.02,0.08,-0.43,-0.19,65.22,1100,1215,1215,1100,1150,1500,1518,10683,770
32838,1,-3.00,-3.52,-0.43,0.038,-0.052,0.989,-0.50,-0.32,0.00,0.00,0.50,0.32,0.24,-0.15,1.97,0.95,4.97,4.47,0.02,-0.02,0.09,0.58,0.59,30.97,1100,1215,1215,1100,1150,1500,1518,10688,770
32850,1,-0.74,0.07,-0.61,0.032,-0.079,1.012,-0.50,-0.28,0.00,0.00,0.50,0.28,0.24,-0.15,1.99,0.83,2.73,0.77,0.02,-0.02,0.09,0.21,-0.03,35.20,1100,1215,1215,1100,1156,1499,1516,10667,770
32862,1,4.38,1.27,0.07,0.057,-0.065,1.001,-0.46,-0.12,0.00,0.00,0.46,0.12,0.25,-0.15,1.86,0.28,-2.52,-0.99,0.02,-0.02,0.09,-0.60,-0.24,25.12,1100,1215,1215,1100,1156,1499,1516,10654,770
32874,1,-4.59,-1.85,0.01,0.054,-0.064,0.995,-0.52,0.09,0.00,0.00,0.52,-0.09,0.25,-0.15,2.08,-0.45,6.67,1.40,0.02,-0.01,0.09,0.84,0.10,50.54,1100,1215,1215,1100,1155,1500,1517,10654,770
32886,1,0.78,-1.69,-0.25,0.065,-0.088,0.977,-0.59,0.28,0.00,0.00,0.59,-0.28,0.26,-0.15,2.32,-1.12,1.54,0.58,0.02,-0.01,0.10,-0.03,0.12,55.84,1100,1215,1215,1100,1164,1500,1518,10650,770
32898,1,2.83,7.79,-0.19,0.022,-0.057,1.011,-0.55,0.32,0.00,0.00,0.55,-0.32,0.26,-0.15,2.18,-1.26,-0.65,-9.05,0.03,-0.02,0.10,-0.34,-1.30,44.12,1100,1215,1215,1100,1164,1500,1518,10638,770
32910,1,-4.80,0.08,-0.38,0.020,-0.086,1.014,-0.64,0.26,0.00,0.00,0.64,-0.26,0.27,-0.16,2.51,-1.08,7.32,-1.17,0.03,-0.02,0.10,0.90,0.03,43.80,1100,1215,1215,1100,1164,1500,1518,10617,770
32922,1,2.26,-4.06,0.60,0.086,-0.079,0.959,-0.69,0.42,0.00,0.00,0.69,-0.42,0.28,-0.16,2.70,-1.64,0.44,2.42,0.03,-0.02,0.11,-0.26,0.58,30.59,1100,1215,1215,1100,1164,1500,1518,10608,770
32934,1,-1.17,-1.97,0.36,0.055,-0.066,0.971,-0.73,0.62,0.00,0.00,0.73,-0.62,0.28,-0.16,2.85,-2.33,4.02,-0.36,0.03,-0.02,0.11,0.32,-0.05,27.94,1140,1206,1206,1140,1173,1500,1518,10621,744
32946,1,0.29,1.77,-0.50,0.041,-0.079,0.999,-0.76,0.68,0.00,0.00,0.76,-0.68,0.29,-0.17,2.95,-2.55,2.67,-4.32,0.03,-0.02,0.11,0.10,-0.54,40.79,1140,1206,1206,1140,1173,1500,1518,10617,744
32958,1,1.97,0.57,-0.19,0.044,-0.059,0.989,-0.73,0.71,0.00,0.00,0.73,-0.71,0.30,-0.18,2.85,-2.67,0.88,-3.24,0.03,-0.02,0.11,-0.17,-0.30,64.06,1140,1206,1206,1140,1173,1500,1518,10604,744
32970,1,-3.93,-7.01,0.26,0.092,-0.073,0.967,-0.75,0.90,0.00,0.00,0.75,-0.90,0.30,-0.19,2.92,-3.34,6.85,3.67,0.03,-0.02,0.12,0.79,0.80,28.83,1140,1206,1206,1140,1181,1500,1518,10596,744
32982,1,1.58,-0.71,-0.05,0.109,-0.070,0.947,-0.78,1.29,0.00,0.00,0.78,-1.29,0.31,-0.20,3.04,-4.73,1.46,-4.01,0.03,-0.02,0.12,-0.11,-0.37,34.10,1140,1206,1206,1140,1181,1500,1518,10588,744
32994,1,-1.21,-5.56,-1.03,0.092,-0.065,0.950,-0.80,1.57,0.00,0.00,0.80,-1.57,0.32,-0.21,3.12,-5.70,4.33,-0.14,0.03,-0.02,0.12,0.33,0.29,48.55,1140,1206,1206,1140,1181,1500,1518,10617,744
33006,1,-0.73,1.67,-0.11,0.038,-0.063,1.007,-0.71,1.57,0.00,0.00,0.71,-1.57,0.33,-0.23,2.82,-5.74,3.56,-7.41,0.03,-0.02,0.12,0.26,-0.81,31.63,1140,1206,1206,1140,1191,1500,1518,10617,744
33018,1,-0.21,1.15,-0.23,0.031,-0.043,1.031,-0.59,1.43,0.00,0.00,0.59,-1.43,0.33,-0.24,2.41,-5.24,2.62,-6.40,0.03,-0.02,0.13,0.16,-0.49,72.00,1140,1206,1206,1140,1191,1500,1518,10629,744
33030,1,1.01,0.38,-0.02,0.045,-0.073,1.022,-0.56,1.35,0.00,0.00,0.56,-1.35,0.34,-0.25,2.28,-4.97,1.28,-5.35,0.03,-0.02,0.13,-0.03,-0.33,67.00,1121,1261,1261,1121,1191,1500,1518,10629,745
33042,1,-1.19,-0.86,-1.04,-0.012,-0.073,1.032,-0.54,1.01,0.00,0.00,0.54,-1.01,0.34,-0.26,2.24,-3.78,3.43,-2.92,0.03,-0.02,0.14,0.31,-0.06,81.63,1121,1261,1261,1121,1191,1500,1518,10629,745
33054,1,-0.99,-1.53,-0.30,-0.016,-0.071,1.040,-0.51,0.57,0.00,1.98,0.51,1.41,0.35,-0.25,2.15,4.67,3.14,6.21,0.03,-0.02,0.14,0.28,0.43,59.64,1121,1261,1261,1121,1189,1501,1522,10613,745
33066,1,1.39,-1.58,0.74,0.021,-0.052,1.004,-0.51,0.39,0.00,0.00,0.51,-0.39,0.35,-0.24,2.13,-1.61,0.74,-0.03,0.03,-0.02,0.15,-0.11,0.04,45.50,1121,1261,1261,1121,1195,1500,1518,10621,745
33078,1,0.37,-4.64,0.57,0.071,-0.071,0.963,-0.58,0.50,0.00,0.00,0.58,-0.50,0.36,-0.25,2.40,-1.98,2.03,2.65,0.04,-0.02,0.15,0.06,0.35,55.16,1121,1261,1261,1121,1195,1500,1518,10621,745
33090,1,1.73,-1.86,-0.08,0.075,-0.078,0.956,-0.65,0.69,0.00,0.00,0.65,-0.69,0.36,-0.25,2.64,-2.66,0.91,-0.79,0.04,-0.02,0.16,-0.16,-0.22,50.65,1121,1261,1261,1121,1196,1500,1517,10650,745
33102,1,-1.04,-1.97,-0.92,0.054,-0.073,0.973,-0.71,0.78,0.00,0.00,0.71,-0.78,0.37,-0.26,2.86,-3.00,3.89,-1.03,0.04,-0.02,0.16,0.30,-0.14,62.16,1121,1261,1261,1121,1196,1500,1517,10646,745
33114,1,-1.71,-2.31,-0.72,0.060,-0.073,0.972,-0.75,0.85,0.00,0.00,0.75,-0.85,0.38,-0.27,3.02,-3.24,4.72,-0.93,0.04,-0.02,0.16,0.42,0.04,65.99,1121,1261,1261,1121,1201,1500,1518,10625,745
33126,1,-0.20,-5.05,-0.51,0.089,-0.070,0.952,-0.76,1.05,0.00,0.00,0.76,-1.05,0.39,-0.28,3.03,-3.96,3.23,1.08,0.04,-0.02,0.17,0.19,0.47,62.53,1139,1263,1263,1139,1201,1499,1519,10613,745
33138,1,0.24,-5.13,-0.10,0.101,-0.063,0.937,-0.74,1.38,0.00,0.00,0.74,-1.38,0.39,-0.29,3.00,-5.13,2.76,0.00,0.04,-0.02,0.17,0.12,0.25,52.97,1139,1263,1263,1139,1201,1499,1519,10625,745
33150,1,0.12,5.43,-0.42,0.051,-0.073,0.984,-0.75,1.52,0.00,0.00,0.75,-1.52,0.40,-0.30,3.01,-5.62,2.89,-11.05,0.04,-0.02,0.18,0.15,-1.28,58.46,1139,1263,1263,1139,1206,1500,1517,10633,745
33162,1,-1.16,1.24,-0.51,-0.009,-0.074,1.022,-0.71,1.28,0.00,0.00,0.71,-1.28,0.41,-0.32,2.89,-4.78,4.05,-6.02,0.04,-0.02,0.18,0.35,-0.34,57.99,1139,1263,1263,1139,1206,1500,1517,10621,745
33174,1,-1.22,-1.25,-0.38,-0.035,-0.069,1.050,-0.62,0.70,0.00,0.00,0.62,-0.70,0.41,-0.33,2.59,-2.77,3.81,-1.52,0.04,-0.03,0.18,0.35,0.41,52.08,1139,1263,1263,1139,1210,1500,1516,10613,745
33186,1,-0.32,-6.95,-0.03,0.009,-0.062,1.026,-0.49,0.26,0.00,0.00,0.49,-0.26,0.42,-0.33,2.12,-1.25,2.44,5.70,0.04,-0.03,0.19,0.23,1.28,48.67,1139,1263,1263,1139,1210,1500,1518,10613,745
33198,1,-1.84,-7.51,0.51,0.067,-0.069,0.967,-0.45,0.24,0.00,0.00,0.45,-0.24,0.42,-0.33,1.99,-1.17,3.83,6.35,0.04,-0.03,0.19,0.43,0.99,77.58,1139,1263,1263,1139,1210,1500,1518,10604,745
33210,1,-2.02,-6.69,-0.52,0.084,-0.080,0.943,-0.46,0.51,0.00,0.00,0.46,-0.51,0.43,-0.34,2.05,-2.14,4.07,4.55,0.04,-0.02,0.20,0.45,0.63,59.74,1139,1263,1263,1139,1212,1500,1518,10600,745
33222,1,-2.16,0.95,-0.82,0.027,-0.081,1.016,-0.49,0.55,0.00,0.00,0.49,-0.55,0.43,-0.34,2.13,-2.26,4.29,-3.22,0.04,-0.03,0.20,0.48,-0.38,62.96,1139,1263,1263,1139,1212,1500,1518,10621,745
33234,1,-0.20,0.39,-1.01,-0.001,-0.073,1.035,-0.47,0.34,0.00,0.00,0.47,-0.34,0.43,-0.35,2.07,-1.55,2.27,-1.93,0.04,-0.03,0.20,0.17,-0.01,65.45,1161,1263,1265,1159,1212,1500,1517,10617,745
33246,1,-2.47,-4.97,-1.01,-0.006,-0.069,1.036,-0.43,0.01,0.00,0.00,0.43,-0.01,0.44,-0.35,1.93,-0.39,4.40,4.58,0.04,-0.03,0.21,0.53,1.03,64.42,1161,1263,1265,1159,1212,1499,1519,10617,745
33258,1,-0.55,-1.48,-0.77,-0.006,-0.056,1.036,-0.34,-0.27,0.00,0.00,0.34,0.27,0.44,-0.35,1.62,0.59,2.18,2.06,0.04,-0.03,0.21,0.21,0.38,58.36,1161,1263,1265,1159,1212,1499,1519,10617,745
33270,1,-2.30,-2.00,-1.95,-0.019,-0.077,1.043,-0.31,-0.56,0.00,0.00,0.31,0.56,0.45,-0.34,1.55,1.62,3.85,3.62,0.04,-0.03,0.22,0.49,0.46,78.41,1161,1263,1265,1159,1212,1500,1518,10600,745
33282,1,-1.29,1.54,-0.83,-0.044,-0.063,1.055,-0.29,-0.91,0.00,0.00,0.29,0.91,0.45,-0.33,1.46,2.84,2.75,1.31,0.04,-0.03,0.22,0.31,0.03,60.54,1161,1263,1265,1159,1212,1500,1518,10617,745
33294,1,1.17,-0.52,-1.10,-0.024,-0.061,1.041,-0.28,-1.22,0.00,0.00,0.28,1.22,0.45,-0.32,1.41,3.96,0.24,4.48,0.04,-0.03,0.22,-0.09,0.42,106.71,1161,1263,1265,1159,1213,1500,1518,10600,745
33306,1,-1.43,-5.11,-0.62,0.015,-0.062,1.017,-0.26,-1.33,0.00,0.00,0.26,1.33,0.45,-0.31,1.38,4.33,2.80,9.44,0.05,-0.03,0.23,0.33,0.99,99.74,1161,1263,1265,1159,1213,1500,1518,10617,745
33318,1,0.95,5.26,-0.19,0.000,-0.046,1.019,-0.22,-1.30,0.00,0.00,0.22,1.30,0.46,-0.30,1.24,4.27,0.29,-0.99,0.05,-0.02,0.24,-0.08,-0.76,53.16,1161,1263,1265,1159,1213,1500,1518,10617,745
33330,1,0.68,5.39,-0.22,-0.021,-0.064,1.044,-0.23,-1.38,0.00,0.00,0.23,1.38,0.46,-0.28,1.27,4.53,0.58,-0.86,0.05,-0.02,0.24,-0.01,-0.60,57.90,1175,1255,1255,1175,1215,1500,1517,10613,745
33342,1,-1.65,-0.10,0.27,-0.025,-0.051,1.041,-0.23,-1.52,0.00,0.00,0.23,1.52,0.46,-0.27,1.28,5.05,2.93,5.14,0.05,-0.02,0.24,0.35,0.28,51.83,1175,1255,1255,1175,1215,1500,1517,10613,745
33354,1,1.00,-1.54,0.23,-0.000,-0.055,1.029,-0.24,-1.58,0.00,0.00,0.24,1.58,0.46,-0.25,1.29,5.26,0.29,6.80,0.05,-0.02,0.25,-0.09,0.42,52.59,1175,1255,1255,1175,1217,1500,1518,10608,745
33366,1,-1.24,-5.58,-0.51,0.024,-0.069,1.001,-0.26,-1.52,0.00,0.00,0.26,1.52,0.46,-0.24,1.38,5.07,2.62,10.64,0.05,-0.02,0.25,0.28,0.90,62.82,1175,1255,1255,1175,1218,1500,1518,10608,745
33378,1,-3.40,-3.75,-0.41,0.016,-0.060,1.000,-0.22,-1.38,0.00,0.00,0.22,1.38,0.47,-0.23,1.23,4.59,4.63,8.34,0.05,-0.02,0.26,0.63,0.61,98.04,1175,1255,1255,1175,1218,1500,1518,10621,745
33390,1,-0.85,-7.07,-0.11,0.020,-0.072,1.002,-0.19,-1.36,0.00,0.00,0.19,1.36,0.47,-0.21,1.13,4.56,1.98,11.64,0.05,-0.02,0.26,0.23,1.22,70.91,1175,1255,1255,1175,1222,1500,1518,10604,745
33402,1,-3.21,-11.46,0.16,0.066,-0.087,0.971,-0.23,-1.18,0.00,0.00,0.23,1.18,0.47,-0.20,1.27,3.94,4.49,15.39,0.05,-0.02,0.27,0.61,1.78,71.13,1175,1255,1255,1175,1222,1500,1518,10604,745
33414,1,-1.97,-3.23,-1.05,0.090,-0.080,0.955,-0.32,-0.73,0.00,0.00,0.32,0.73,0.47,-0.19,1.58,2.37,3.55,5.61,0.05,-0.01,0.27,0.42,0.45,107.65,1175,1255,1255,1175,1222,1500,1518,10613,745
33426,1,-1.15,-1.84,-1.15,0.047,-0.072,0.973,-0.36,-0.46,0.00,0.00,0.36,0.46,0.48,-0.19,1.75,1.41,2.90,3.25,0.05,-0.01,0.28,0.31,0.35,106.26,1122,1334,1334,1122,1228,1501,1517,10613,745
33438,1,-0.48,-2.22,-0.93,0.032,-0.067,0.979,-0.37,-0.45,0.00,0.00,0.37,0.45,0.48,-0.18,1.77,1.39,2.25,3.61,0.05,-0.01,0.29,0.22,0.35,94.85,1122,1334,1334,1122,1228,1501,1517,10617,745
33450,1,2.87,-2.37,1.10,0.061,-0.059,0.970,-0.39,-0.28,0.00,0.00,0.39,0.28,0.48,-0.18,1.84,0.80,-1.03,3.17,0.05,-0.01,0.29,-0.34,0.07,63.45,1122,1334,1334,1122,1233,1500,1519,10617,745
33462,1,0.94,6.32,0.37,0.020,-0.052,1.010,-0.39,-0.10,0.00,0.00,0.39,0.10,0.49,-0.18,1.86,0.18,0.93,-6.14,0.05,-0.01,0.30,-0.04,-1.41,75.37,1122,1334,1334,1122,1233,1500,1519,10621,745
33474,1,-0.65,5.92,-0.52,-0.020,-0.047,1.035,-0.32,-0.26,0.00,0.00,0.32,0.26,0.49,-0.18,1.61,0.72,2.26,-5.20,0.05,-0.01,0.30,0.20,-1.02,86.49,1122,1334,1334,1122,1237,1501,1517,10625,745
33486,1,0.65,-0.79,-0.22,0.007,-0.049,1.010,-0.21,-0.44,0.00,0.00,0.21,0.44,0.49,-0.17,1.22,1.38,0.57,2.17,0.05,-0.01,0.31,-0.02,0.16,79.31,1122,1334,1334,1122,1236,1499,1518,10617,745
33498,1,0.38,-1.24,-0.02,0.041,-0.059,1.004,-0.17,-0.45,0.00,0.00,0.17,0.45,0.49,-0.17,1.08,1.41,0.70,2.65,0.05,-0.01,0.32,0.03,0.24,95.05,1122,1334,1334,1122,1236,1499,1518,10617,745
33510,1,-1.91,3.54,-1.26,0.098,-0.073,0.983,-0.24,-0.04,0.00,0.00,0.24,0.04,0.50,-0.17,1.33,-0.04,3.24,-3.58,0.05,-0.01,0.32,0.41,-0.50,105.01,1122,1334,1334,1122,1237,1501,1516,10621,745
33522,1,1.52,5.16,0.18,0.112,-0.074,0.957,-0.39,0.64,0.00,0.00,0.39,-0.64,0.50,-0.17,1.88,-2.41,0.36,-7.56,0.05,-0.01,0.33,-0.12,-0.97,83.42,1122,1334,1334,1122,1237,1501,1516,10625,745
33534,1,0.55,-0.86,-0.33,0.099,-0.070,0.959,-0.51,1.15,0.00,0.00,0.51,-1.15,0.50,-0.18,2.27,-4.20,1.72,-3.35,0.05,-0.01,0.33,0.06,-0.03,89.26,1135,1345,1345,1135,1240,1500,1518,10617,740
33546,1,-2.01,2.78,-0.05,0.024,-0.077,1.024,-0.55,1.18,0.00,0.00,0.55,-1.18,0.51,-0.19,2.44,-4.33,4.45,-7.11,0.05,-0.02,0.34,0.48,-0.46,81.69,1135,1345,1345,1135,1240,1500,1518,10621,740
33558,1,-2.95,-2.16,0.23,0.032,-0.076,1.001,-0.53,0.97,0.00,0.00,0.53,-0.97,0.51,-0.20,2.36,-3.59,5.31,-1.43,0.05,-0.02,0.34,0.62,0.55,73.10,1135,1345,1345,1135,1240,1500,1518,10608,740
33570,1,-0.37,-6.56,-1.02,0.081,-0.069,0.970,-0.47,0.94,0.00,0.00,0.47,-0.94,0.52,-0.21,2.15,-3.51,2.52,3.05,0.05,-0.02,0.35,0.24,1.17,137.46,1135,1345,1345,1135,1245,1500,1517,10617,740
33582,1,1.61,11.40,-0.93,-0.017,-0.038,1.063,-0.35,0.75,0.00,0.00,0.35,-0.75,0.52,-0.22,1.74,-2.84,0.13,-14.24,0.05,-0.02,0.36,-0.11,-1.71,134.81,1135,1345,1345,1135,1245,1500,1517,10621,740
33594,1,3.44,7.08,0.49,0.013,-0.033,1.031,-0.24,0.56,0.00,0.00,0.24,-0.56,0.53,-0.22,1.38,-2.20,-2.06,-9.28,0.05,-0.02,0.37,-0.44,-1.17,106.39,1135,1345,1345,1135,1245,1500,1517,10617,740
33606,1,0.94,8.30,-0.31,0.044,-0.059,1.008,-0.34,0.73,0.00,0.00,0.34,-0.73,0.53,-0.23,1.71,-2.80,0.77,-11.10,0.06,-0.02,0.38,-0.07,-1.65,119.80,1135,1345,1345,1135,1246,1500,1518,10625,740
33618,1,-2.90,-6.76,0.21,0.071,-0.083,0.992,-0.40,0.87,0.00,0.00,0.40,-0.87,0.53,-0.24,1.94,-3.28,4.84,3.49,0.06,-0.02,0.38,0.60,0.91,109.47,1135,1345,1345,1135,1246,1500,1518,10613,740
33630,1,-1.77,-7.98,-0.07,0.104,-0.074,0.965,-0.41,1.07,0.00,0.00,0.41,-1.07,0.54,-0.25,1.98,-4.00,3.75,3.98,0.06,-0.02,0.39,0.44,1.13,110.05,1141,1373,1373,1141,1257,1500,1517,10613,739
33642,1,0.08,-2.21,-0.96,0.103,-0.089,0.945,-0.53,1.40,0.00,0.00,0.53,-1.40,0.54,-0.26,2.41,-5.16,2.33,-2.95,0.06,-0.02,0.40,0.17,0.13,124.87,1141,1373,1373,1141,1257,1500,1517,10613,739
33654,1,3.31,10.54,0.20,0.062,-0.072,0.993,-0.67,1.66,0.00,2.16,0.67,0.50,0.55,-0.25,2.90,1.48,-0.42,-9.05,0.06,-0.02,0.41,-0.36,-1.72,83.32,1141,1373,1373,1141,1242,1500,1524,10608,739
33666,1,1.50,-0.05,0.10,0.103,-0.061,0.967,-0.74,1.97,0.00,0.00,0.74,-1.97,0.55,-0.26,3.15,-7.16,1.65,-7.12,0.06,-0.02,0.41,-0.07,-0.50,81.84,1141,1373,1373,1141,1259,1500,1518,10604,739
33678,1,-2.54,-8.41,-0.17,0.129,-0.086,0.930,-0.84,2.32,0.00,0.00,0.84,-2.32,0.56,-0.28,3.49,-8.39,6.04,0.02,0.06,-0.02,0.42,0.61,0.73,105.17,1141,1373,1373,1141,1259,1500,1518,10604,739
33690,1,-1.61,-6.73,-0.18,0.130,-0.076,0.914,-0.89,2.70,0.00,0.00,0.89,-2.70,0.57,-0.30,3.70,-9.74,5.31,-3.01,0.06,-0.02,0.43,0.47,0.38,112.58,1141,1373,1373,1141,1258,1500,1518,10596,739
33702,1,1.36,2.56,-0.35,0.079,-0.080,0.959,-0.99,2.87,0.00,0.00,0.99,-2.87,0.58,-0.33,4.04,-10.37,2.67,-12.93,0.06,-0.03,0.43,-0.00,-1.10,113.58,1141,1373,1373,1141,1258,1500,1518,10592,739
33714,1,0.05,-4.24,-0.07,0.103,-0.085,0.939,-1.04,3.02,0.00,0.00,1.04,-3.02,0.59,-0.36,4.23,-10.94,4.18,-6.70,0.06,-0.03,0.44,0.23,-0.05,106.61,1141,1373,1373,1141,1258,1500,1518,10588,739
33726,1,-0.31,0.83,-0.91,0.102,-0.059,0.964,-1.04,3.17,0.00,0.00,1.04,-3.17,0.60,-0.39,4.23,-11.49,4.54,-12.32,0.06,-0.03,0.45,0.29,-0.81,119.21,1144,1382,1382,1144,1263,1500,1517,10592,743
33738,1,1.17,1.11,-0.56,0.071,-0.067,0.980,-1.03,3.20,0.00,0.00,1.03,-3.20,0.61,-0.42,4.21,-11.63,3.03,-12.74,0.06,-0.03,0.46,0.05,-0.89,110.84,1144,1382,1382,1144,1263,1500,1517,10583,743
33750,1,0.47,-3.25,0.52,0.038,-0.070,0.997,-0.94,2.94,0.00,0.00,0.94,-2.94,0.62,-0.45,3.89,-10.74,3.43,-7.49,0.06,-0.04,0.46,0.17,-0.09,95.92,1144,1382,1382,1144,1258,1500,1517,10588,743
33762,1,-0.14,-1.65,0.04,0.032,-0.063,0.999,-0.85,2.57,0.00,0.00,0.85,-2.57,0.63,-0.48,3.61,-9.49,3.75,-7.84,0.07,-0.04,0.47,0.23,-0.20,102.72,1144,1382,1382,1144,1258,1500,1517,10583,743
33774,1,2.06,9.87,-1.07,-0.014,-0.045,1.037,-0.72,2.16,0.00,0.00,0.72,-2.16,0.63,-0.50,3.15,-8.05,1.09,-17.92,0.07,-0.04,0.48,-0.12,-1.87,117.80,1144,1382,1382,1144,1261,1500,1518,10575,743
33786,1,-0.95,1.56,0.40,-0.008,-0.050,1.039,-0.64,1.68,0.00,0.00,0.64,-1.68,0.64,-0.52,2.90,-6.39,3.84,-7.95,0.07,-0.04,0.49,0.34,-0.43,96.36,1144,1382,1382,1144,1259,1500,1517,10588,743
33798,1,-1.68,-2.51,0.52,0.041,-0.073,1.005,-0.66,1.51,0.00,0.00,0.66,-1.51,0.65,-0.53,2.95,-5.81,4.63,-3.30,0.07,-0.04,0.49,0.45,0.10,95.17,1144,1382,1382,1144,1259,1500,1517,10583,743
33810,1,0.01,-6.14,-0.34,0.026,-0.073,0.982,-0.63,1.28,0.00,0.00,0.63,-1.28,0.65,-0.54,2.84,-5.04,2.83,1.11,0.07,-0.05,0.50,0.18,0.88,104.48,1144,1382,1382,1144,1262,1499,1517,10592,743
33822,1,0.37,2.40,-0.71,-0.014,-0.058,1.023,-0.56,0.84,0.00,0.00,0.56,-0.84,0.66,-0.55,2.61,-3.48,2.24,-5.89,0.07,-0.05,0.51,0.10,-0.44,110.28,1144,1382,1382,1144,1262,1499,1517,10604,743
33834,1,1.03,8.50,0.23,0.003,-0.061,1.031,-0.61,0.66,0.00,0.00,0.61,-0.66,0.66,-0.56,2.81,-2.86,1.77,-11.36,0.07,-0.05,0.51,-0.02,-1.74,94.71,1165,1361,1359,1167,1263,1499,1519,10600,743
33846,1,-0.53,-1.60,0.47,0.010,-0.088,1.007,-0.68,0.49,0.00,0.00,0.68,-0.49,0.67,-0.57,3.05,-2.29,3.57,-0.69,0.07,-0.05,0.52,0.26,0.11,88.52,1165,1361,1359,1167,1270,1502,1516,10600,743
33858,1,-2.74,-7.48,-1.22,0.034,-0.087,0.973,-0.70,0.25,0.00,0.00,0.70,-0.25,0.68,-0.57,3.12,-1.45,5.85,6.04,0.07,-0.05,0.53,0.63,1.42,105.65,1165,1361,1359,1167,1270,1502,1516,10600,743
33870,1,1.72,11.81,-0.52,0.024,-0.062,1.020,-0.73,0.27,0.00,0.00,0.73,-0.27,0.68,-0.57,3.25,-1.50,1.53,-13.31,0.07,-0.05,0.53,-0.07,-1.98,112.68,1165,1361,1359,1167,1263,1501,1517,10600,743
33882,1,-0.51,-3.60,0.46,0.086,-0.091,0.980,-0.93,0.61,0.00,0.00,0.93,-0.61,0.69,-0.58,3.94,-2.72,4.45,0.89,0.07,-0.05,0.54,0.27,0.17,97.38,1165,1361,1359,1167,1263,1501,1517,10613,743
33894,1,-1.80,-5.88,-0.20,0.114,-0.087,0.955,-0.97,0.91,0.00,0.00,0.97,-0.91,0.70,-0.58,4.10,-3.77,5.89,2.11,0.07,-0.05,0.55,0.52,0.74,103.64,1165,1361,1359,1167,1266,1500,1518,10613,743
33906,1,0.54,6.93,-0.86,0.119,-0.074,0.964,-1.02,1.46,0.00,0.00,1.02,-1.46,0.71,-0.60,4.27,-5.69,3.72,-12.62,0.07,-0.05,0.55,0.18,-1.52,114.74,1165,1361,1359,1167,1265,1500,1518,10613,743
33918,1,2.78,9.08,0.42,0.055,-0.065,0.993,-1.09,1.88,0.00,0.00,1.09,-1.88,0.72,-0.61,4.52,-7.20,1.74,-16.28,0.08,-0.05,0.56,-0.24,-1.92,133.78,1165,1361,1359,1167,1265,1500,1518,10600,743
33930,1,-0.74,0.63,-0.03,0.010,-0.071,1.009,-1.06,1.65,0.00,0.00,1.06,-1.65,0.73,-0.63,4.44,-6.40,5.18,-7.03,0.08,-0.05,0.57,0.33,-0.22,100.39,1115,1421,1421,1115,1268,1500,1517,10608,744
33942,1,-1.63,9.03,-1.60,-0.056,-0.072,1.061,-0.97,1.09,0.00,0.00,0.97,-1.09,0.74,-0.64,4.14,-4.47,5.77,-13.50,0.08,-0.06,0.58,0.52,-1.03,125.82,1115,1421,1421,1115,1268,1500,1517,10613,744
33954,1,1.19,-2.49,0.27,-0.029,-0.064,1.059,-0.90,0.52,0.00,0.00,0.90,-0.52,0.75,-0.65,3.92,-2.47,2.72,0.02,0.08,-0.06,0.59,0.05,0.69,93.68,1115,1421,1421,1115,1271,1500,1518,10617,744
33966,1,1.17,0.84,-0.23,-0.015,-0.056,1.035,-0.83,0.26,0.00,0.00,0.83,-0.26,0.76,-0.65,3.67,-1.56,2.51,-2.40,0.08,-0.06,0.59,0.01,-0.28,101.05,1115,1421,1421,1115,1271,1500,1518,10608,744
33978,1,-1.11,-3.24,-0.05,-0.020,-0.056,1.016,-0.74,-0.16,0.00,0.00,0.74,0.16,0.77,-0.65,3.35,-0.09,4.47,3.15,0.08,-0.06,0.60,0.36,0.65,105.65,1115,1421,1421,1115,1271,1500,1518,10617,744
33990,1,0.54,4.06,0.87,-0.024,-0.077,1.040,-0.70,-0.45,0.00,0.00,0.70,0.45,0.77,-0.65,3.24,0.93,2.70,-3.13,0.08,-0.06,0.61,0.13,-0.80,94.79,1115,1421,1421,1115,1273,1500,1518,10604,744
34002,1,1.44,14.27,0.24,-0.069,-0.069,1.089,-0.66,-0.78,0.00,0.00,0.66,0.78,0.78,-0.64,3.09,2.09,1.65,-12.17,0.08,-0.06,0.61,-0.00,-1.96,101.30,1115,1421,1421,1115,1273,1500,1518,10604,744
34014,1,-0.27,2.84,-1.11,-0.019,-0.059,1.051,-0.66,-1.06,0.00,0.00,0.66,1.06,0.79,-0.63,3.08,3.07,3.35,0.23,0.08,-0.06,0.62,0.24,0.07,140.03,1115,1421,1421,1115,1273,1500,1517,10604,744
34026,1,-0.06,8.81,-0.16,-0.023,-0.080,1.049,-0.74,-1.13,0.00,0.00,0.74,1.13,0.79,-0.62,3.38,3.32,3.44,-5.49,0.08,-0.06,0.63,0.20,-0.91,127.19,1159,1413,1413,1159,1286,1500,1518,10600,745
34038,1,-1.52,-6.79,1.35,0.030,-0.090,1.005,-0.78,-1.12,0.00,0.00,0.78,1.12,0.80,-0.61,3.53,3.31,5.05,10.10,0.08,-0.06,0.64,0.45,1.49,111.67,1159,1413,1413,1159,1286,1500,1518,10604,745
34050,1,0.01,-3.05,-1.01,0.048,-0.078,0.987,-0.83,-0.99,0.00,0.00,0.83,0.99,0.81,-0.60,3.71,2.87,3.70,5.92,0.09,-0.06,0.65,0.21,0.70,125.93,1159,1413,1413,1159,1276,1498,1519,10604,745
