time_ms,flags,gyro_x,gyro_y,gyro_z,accel_x,accel_y,accel_z,roll,pitch,rate_sp_roll,rate_sp_pitch,rate_err_roll,rate_err_pitch,rate_i_roll,rate_i_pitch,rate_i_yaw,pid_roll,pid_pitch,pid_yaw,m1,m2,m3,m4,rc_thr,rc_roll,rc_pitch,battery_mv,loop_us
64784,0,0.04,0.02,0.03,0.029,-0.023,1.001,0.00,0.00,-0.01,0.06,-0.04,0.04,-0.00,0.00,-0.00,-0.06,-0.02,-0.07,1000,1000,1000,1000,1029,1498,1524,12024,699
64796,0,0.03,0.01,-0.02,0.030,-0.023,1.001,0.00,0.00,-0.01,0.06,-0.03,0.05,-0.00,0.00,-0.00,-0.00,0.06,0.04,1000,1000,1000,1000,1029,1499,1524,12028,699
64808,0,0.01,-0.01,0.01,0.030,-0.023,1.001,0.00,0.00,-0.01,0.06,-0.01,0.07,-0.00,0.00,-0.00,-0.00,0.08,-0.03,1000,1000,1000,1000,1029,1499,1524,12024,699
64820,0,0.02,-0.00,-0.00,0.030,-0.023,1.001,0.00,0.00,-0.01,0.06,-0.02,0.06,-0.00,0.00,-0.00,-0.03,-0.04,0.01,1100,1100,1100,1100,1019,1499,1533,12024,700
64832,0,0.05,-0.02,0.03,0.030,-0.023,1.001,0.00,0.00,-0.01,0.06,-0.05,0.08,-0.00,0.00,-0.00,-0.05,-0.03,-0.08,1100,1100,1100,1100,1019,1499,1533,12024,700
64844,0,-0.00,-0.02,0.01,0.030,-0.024,1.001,0.00,0.00,-0.00,0.06,-0.00,0.08,-0.00,0.00,-0.00,0.01,0.03,-0.02,1100,1100,1100,1100,1013,1499,1540,12028,700
64856,0,0.02,-0.02,-0.01,0.030,-0.023,1.001,0.00,0.00,-0.00,0.07,-0.03,0.08,-0.00,0.00,-0.00,-0.03,-0.04,0.03,1100,1100,1100,1100,1013,1499,1540,12024,700
64868,0,0.03,0.00,0.00,0.031,-0.023,1.001,0.00,0.00,-0.00,0.07,-0.03,0.06,-0.00,0.00,-0.00,-0.02,-0.06,-0.01,1100,1100,1100,1100,1014,1499,1538,12024,700
64880,0,0.07,-0.21,-0.03,0.034,-0.023,0.999,0.00,0.00,-0.00,0.07,-0.07,0.28,-0.00,0.00,-0.00,-0.09,0.65,0.08,1100,1100,1100,1100,1013,1499,1540,12024,700
64892,0,-0.02,-0.11,0.03,0.033,-0.023,0.998,0.00,0.00,-0.00,0.06,0.01,0.17,-0.00,0.00,-0.00,0.01,0.08,-0.09,1100,1100,1100,1100,1013,1499,1540,12015,700
64904,0,0.01,-0.01,-0.01,0.034,-0.023,0.998,0.00,0.00,-0.00,0.06,-0.01,0.07,-0.00,0.00,-0.00,-0.03,-0.32,0.02,1100,1100,1100,1100,1014,1499,1538,12015,700
64916,0,-0.01,0.08,-0.02,0.033,-0.023,0.999,0.00,0.00,-0.00,0.06,0.01,-0.02,-0.00,0.00,0.00,-0.01,-0.23,0.06,1100,1100,1100,1100,1014,1499,1538,12007,699
64928,0,-0.02,-0.00,0.08,0.032,-0.023,0.998,0.00,0.00,-0.00,0.05,0.01,0.06,-0.00,0.00,-0.00,0.02,0.06,-0.21,1100,1100,1100,1100,1013,1499,1539,12007,699
64940,0,-0.06,0.02,0.12,0.031,-0.024,0.999,0.00,0.00,-0.00,0.05,0.06,0.03,-0.00,0.00,-0.00,0.05,0.06,-0.29,1100,1100,1100,1100,1013,1499,1539,12007,699
64952,0,-0.02,0.03,-0.10,0.031,-0.023,1.000,0.00,0.00,-0.00,0.05,0.02,0.02,-0.00,0.00,-0.00,0.04,-0.01,0.25,1100,1100,1100,1100,1013,1499,1539,12007,699
64964,0,-0.07,0.03,-0.14,0.031,-0.023,1.000,0.00,0.00,-0.00,0.05,0.06,0.03,-0.00,0.00,0.00,0.11,-0.05,0.36,1100,1100,1100,1100,1013,1499,1539,12007,699
64976,0,-0.09,-0.36,-0.07,0.031,-0.024,1.000,0.00,0.00,-0.00,0.05,0.09,0.42,-0.00,0.00,0.00,0.17,1.34,0.19,1100,1100,1100,1100,1013,1499,1539,12007,699
64988,0,-0.05,-0.36,0.16,0.032,-0.022,0.999,0.00,0.00,-0.00,0.06,0.05,0.42,-0.00,0.00,-0.00,0.09,0.68,-0.41,1100,1100,1100,1100,1014,1499,1539,12007,699
65000,0,-0.22,0.45,-0.10,0.026,-0.023,0.999,0.00,0.00,0.00,0.06,0.22,-0.39,-0.00,0.00,-0.00,0.39,-2.55,0.24,1100,1100,1100,1100,1032,1499,1520,11999,699
65012,0,-0.01,0.54,-0.20,0.033,-0.025,1.001,0.00,0.00,0.01,0.05,0.02,-0.49,-0.00,0.00,0.01,-0.02,-1.43,0.50,1100,1100,1100,1100,1032,1499,1520,11999,699
65024,0,-0.04,1.14,0.28,0.024,-0.023,1.007,0.00,0.00,0.02,0.04,0.06,-1.10,0.00,0.00,0.00,0.07,-1.95,-0.69,1100,1100,1100,1100,1032,1499,1520,11990,699
65036,0,0.11,-0.23,0.05,0.024,-0.025,1.007,0.00,0.00,0.02,0.05,-0.09,0.27,0.00,0.00,-0.00,-0.20,2.26,-0.12,1100,1100,1100,1100,1032,1499,1520,11990,699
65048,0,-0.15,1.94,-0.48,0.017,-0.024,1.015,0.00,0.00,0.02,0.03,0.18,-1.91,0.00,-0.00,0.01,0.29,-4.56,1.22,1100,1100,1100,1100,1016,1499,1536,11949,699
65060,0,-0.20,0.56,0.35,0.015,-0.026,1.013,0.00,0.00,0.03,0.04,0.22,-0.52,0.00,-0.00,0.01,0.21,2.58,-0.86,1100,1100,1100,1100,1016,1499,1536,11953,699
65072,0,0.27,0.33,0.21,0.007,-0.022,1.019,0.00,0.00,0.03,0.06,-0.24,-0.27,0.00,-0.01,-0.00,-0.79,3.02,-0.52,1100,1100,1100,1100,1016,1499,1536,11932,699
65084,0,0.59,-0.38,-0.31,0.003,-0.012,1.021,0.00,0.00,-0.00,0.10,-0.59,0.48,-0.00,-0.01,0.01,-0.74,3.31,0.77,1100,1100,1100,1100,1016,1500,1536,11940,699
65096,0,0.01,-0.44,0.06,0.021,-0.017,1.009,0.00,0.00,-0.03,0.14,-0.03,0.58,-0.00,-0.01,0.01,0.20,0.08,-0.15,1100,1100,1100,1100,1016,1500,1536,11886,699
65108,0,0.12,-1.60,0.10,0.038,-0.015,0.996,0.00,0.00,-0.04,0.17,-0.16,1.77,-0.00,-0.00,0.00,-0.41,2.16,-0.24,1100,1100,1100,1100,1016,1500,1536,11878,699
65120,0,0.26,-0.81,-0.28,0.048,-0.014,0.998,0.00,0.00,-0.05,0.18,-0.31,0.99,-0.00,0.00,0.00,-0.43,-2.77,0.70,1100,1100,1100,1100,1016,1498,1537,11845,700
65132,0,0.05,0.42,0.12,0.045,-0.016,1.003,0.00,0.00,-0.07,0.15,-0.12,-0.26,-0.00,0.00,0.00,0.09,-3.26,-0.28,1100,1100,1100,1100,1016,1498,1537,11791,700
65144,0,0.03,1.81,-0.07,0.026,-0.013,1.016,0.00,0.00,-0.08,0.11,-0.11,-1.70,-0.00,-0.00,0.00,0.18,-4.09,0.17,1100,1100,1100,1100,1016,1498,1537,11816,700
65156,0,0.11,0.22,0.13,0.027,-0.020,1.014,0.00,0.00,-0.10,0.11,-0.21,-0.11,-0.00,-0.00,0.00,-0.21,2.24,-0.33,1100,1100,1100,1100,1016,1498,1537,11782,700
65168,0,0.16,-0.90,-0.10,0.039,-0.015,1.003,0.00,0.00,-0.11,0.11,-0.28,1.01,-0.00,-0.00,-0.00,-0.02,4.37,0.26,1100,1100,1100,1100,1016,1498,1537,11778,700
65180,0,-0.41,0.78,-0.09,0.023,-0.015,1.016,0.00,0.00,-0.13,0.11,0.29,-0.67,-0.00,-0.00,0.00,1.06,-2.53,0.22,1100,1100,1100,1100,1018,1498,1536,11778,700
65192,0,-0.45,-0.23,-0.03,0.007,-0.023,1.014,0.00,0.00,-0.12,0.12,0.33,0.35,-0.00,-0.00,0.00,0.33,4.46,0.08,1100,1100,1100,1100,1018,1498,1536,11782,700
65204,0,0.08,-0.55,-0.15,0.019,-0.021,1.004,0.00,0.00,-0.12,0.16,-0.20,0.71,-0.00,-0.00,0.01,-0.71,1.47,0.38,1100,1100,1100,1100,1010,1499,1542,11807,700
65216,0,0.18,-0.12,0.23,0.028,-0.027,1.003,0.00,0.00,-0.11,0.18,-0.30,0.30,-0.00,0.00,-0.00,-0.27,-1.67,-0.58,1100,1100,1100,1100,1010,1499,1542,11816,700
65228,0,-0.16,0.37,-0.20,0.028,-0.019,1.007,0.00,0.00,-0.12,0.18,0.05,-0.19,-0.00,0.00,0.00,0.50,-1.52,0.50,1100,1100,1100,1100,1015,1499,1537,11865,700
65240,0,-0.43,0.38,0.09,0.019,-0.023,1.007,0.00,0.00,-0.11,0.18,0.32,-0.20,-0.00,-0.00,0.01,0.45,1.70,-0.21,1100,1100,1100,1100,1015,1499,1537,11895,700
65252,0,0.10,0.39,0.37,0.029,-0.025,1.000,0.00,0.00,-0.11,0.17,-0.20,-0.22,-0.00,-0.00,-0.01,-0.38,0.52,-0.93,1100,1100,1100,1100,1015,1499,1537,11878,700
65264,0,-0.00,0.79,-0.65,0.031,-0.024,1.001,0.00,0.00,-0.11,0.16,-0.11,-0.62,-0.00,-0.00,0.00,0.21,-1.44,1.64,1100,1100,1100,1100,1015,1499,1537,11861,700
65276,0,0.55,-0.40,0.21,0.034,-0.013,0.990,0.00,0.00,-0.11,0.16,-0.66,0.55,-0.00,-0.00,0.01,-0.85,2.04,-0.51,1100,1100,1100,1100,1015,1499,1537,11874,700
65288,0,0.29,-1.06,0.58,0.020,-0.018,0.994,0.00,0.00,-0.13,0.19,-0.41,1.25,-0.00,0.00,-0.01,-0.11,1.78,-1.46,1100,1100,1100,1100,1017,1499,1536,11870,700
65300,0,-0.21,3.11,-0.83,0.028,-0.032,1.006,0.00,0.00,-0.11,0.17,0.10,-2.94,-0.00,-0.00,0.01,0.02,-12.68,2.08,1100,1100,1100,1100,1018,1499,1534,11886,700
65312,0,0.34,-1.12,0.41,0.020,-0.021,0.994,0.00,0.00,-0.12,0.17,-0.45,1.30,-0.00,-0.00,0.00,-0.61,6.82,-1.02,1100,1100,1100,1100,1018,1499,1534,11878,700
65324,0,0.22,-1.46,-0.34,0.064,-0.031,0.989,0.00,0.00,-0.11,0.19,-0.33,1.64,-0.00,0.00,0.00,-0.22,3.09,0.84,1100,1100,1100,1100,1029,1499,1524,11895,700
65336,0,0.14,0.66,0.34,0.021,-0.019,0.999,0.00,0.00,-0.10,0.14,-0.24,-0.51,-0.00,-0.00,0.00,0.25,-0.77,-0.84,1100,1100,1100,1100,1029,1499,1524,11903,700
65348,0,0.42,-3.80,-0.04,0.045,-0.024,0.988,0.00,0.00,-0.11,0.19,-0.53,3.98,-0.00,0.00,-0.00,-0.38,12.75,0.09,1100,1100,1100,1100,1029,1499,1524,11903,700
65360,0,0.43,2.59,0.46,0.052,-0.016,0.993,0.00,0.00,-0.12,0.10,-0.54,-2.49,-0.00,0.00,0.00,-0.38,-8.97,-1.16,1100,1100,1100,1100,1017,1499,1535,11895,700
65372,0,0.08,0.34,-0.03,0.019,-0.022,1.020,0.00,0.00,-0.14,0.09,-0.22,-0.25,-0.00,0.00,-0.01,-0.20,1.94,0.08,1100,1100,1100,1100,1017,1499,1535,11920,700
65384,0,0.11,2.33,0.40,0.047,-0.026,1.010,0.00,0.00,-0.13,0.03,-0.23,-2.30,-0.00,-0.00,-0.00,0.01,-7.18,-1.00,1100,1100,1100,1100,1017,1498,1535,11928,700
65396,0,0.21,-0.89,-0.09,0.009,-0.010,1.027,0.00,0.00,-0.17,0.05,-0.37,0.94,-0.01,-0.00,-0.01,-0.11,8.38,0.21,1100,1100,1100,1100,1017,1498,1535,11928,700
65408,0,0.19,2.95,0.34,0.012,-0.022,1.024,0.00,0.00,-0.17,0.05,-0.36,-2.89,-0.01,-0.00,-0.00,0.05,-12.22,-0.85,1100,1100,1100,1100,1024,1498,1529,11911,700
65420,0,0.11,-1.63,-0.22,-0.012,-0.008,1.032,0.00,0.00,-0.21,0.11,-0.32,1.74,-0.01,-0.01,-0.01,-0.54,10.81,0.54,1100,1100,1100,1100,1024,1498,1529,11903,699
65432,0,0.37,3.85,0.08,0.002,-0.028,1.027,0.00,0.00,-0.20,0.10,-0.57,-3.74,-0.01,-0.01,0.00,-0.71,-11.46,-0.19,1100,1100,1100,1100,1024,1498,1529,11886,699
65444,0,-0.44,0.48,-0.70,0.003,-0.023,1.034,0.00,0.00,-0.20,0.14,0.24,-0.34,-0.01,-0.01,0.01,0.04,4.29,1.75,1100,1100,1100,1100,1016,1499,1536,11895,699
65456,0,0.91,3.67,-0.00,-0.000,-0.006,1.037,0.00,0.00,-0.21,0.10,-1.13,-3.58,-0.01,-0.02,0.02,-1.97,-7.47,0.02,1100,1100,1100,1100,1016,1499,1536,11874,699
65468,0,-0.36,0.31,-1.02,-0.010,-0.029,1.046,0.00,0.00,-0.23,0.16,0.12,-0.15,-0.01,-0.02,0.02,0.95,4.46,2.57,1100,1100,1100,1100,1016,1499,1536,11878,699
65480,0,-0.83,1.13,0.20,-0.005,-0.006,1.034,0.00,0.00,-0.24,0.16,0.59,-0.97,-0.01,-0.02,0.03,1.27,1.55,-0.48,1100,1100,1100,1100,1017,1499,1536,11870,699
65492,0,0.32,-6.72,-0.72,0.063,-0.045,0.971,0.00,0.00,-0.22,0.28,-0.54,7.00,-0.01,-0.01,0.03,-1.58,16.35,1.85,1100,1100,1100,1100,1017,1499,1536,11861,699
65504,0,-0.53,2.19,0.46,-0.018,-0.005,1.024,0.00,0.00,-0.23,0.31,0.29,-1.88,-0.01,-0.01,0.03,0.96,-15.73,-1.13,1100,1100,1100,1100,1017,1499,1536,11886,699
65516,0,0.79,3.62,-0.57,0.011,-0.031,1.044,0.00,0.00,-0.23,0.34,-1.02,-3.28,-0.01,-0.01,0.04,-1.44,-11.73,1.45,1100,1100,1100,1100,1017,1499,1536,11878,699
65528,0,-0.60,-3.54,0.43,0.016,-0.022,0.995,0.00,0.00,-0.23,0.37,0.37,3.91,-0.01,-0.01,0.03,1.17,17.31,-1.05,1100,1100,1100,1100,1016,1499,1537,11861,699
65540,0,0.37,-3.98,0.08,0.067,-0.025,0.949,0.00,0.00,-0.22,0.43,-0.59,4.41,-0.01,0.00,0.03,-0.05,2.53,-0.17,1100,1100,1100,1100,1016,1499,1537,11865,699
65552,0,-0.43,-3.83,0.38,0.026,-0.036,0.982,0.00,0.00,-0.20,0.50,0.24,4.33,-0.01,0.01,0.01,0.13,3.33,-0.95,1100,1100,1100,1100,1016,1499,1537,11895,699
65564,0,-0.01,3.57,-0.13,-0.004,-0.003,1.042,0.00,0.00,-0.19,0.49,-0.18,-3.08,-0.01,0.01,0.02,0.20,-15.45,0.34,1100,1100,1100,1100,1016,1499,1536,11886,699
65576,0,0.24,0.62,-0.40,0.007,-0.050,1.035,0.00,0.00,-0.16,0.53,-0.41,-0.09,-0.01,0.01,0.03,-1.26,1.50,1.03,1100,1100,1100,1100,1016,1499,1536,11899,699
65588,0,-1.33,5.24,-0.07,-0.028,-0.011,1.051,0.00,0.00,-0.17,0.46,1.16,-4.78,-0.01,-0.00,0.04,2.70,-7.05,0.22,1100,1100,1100,1100,1018,1499,1534,11903,699
65600,0,0.11,1.11,-0.19,0.035,-0.051,1.019,0.00,0.00,-0.15,0.47,-0.26,-0.64,-0.01,-0.01,0.04,-0.48,4.35,0.51,1100,1100,1100,1100,1027,1499,1522,11890,699
65612,0,-0.32,-3.84,0.26,0.042,-0.017,0.986,0.00,0.00,-0.15,0.49,0.16,4.32,-0.01,-0.00,0.04,-0.22,16.51,-0.60,1100,1100,1100,1100,1027,1499,1522,11899,699
65624,0,2.11,-1.76,-0.35,0.066,-0.033,0.977,0.00,0.00,-0.13,0.48,-2.24,2.25,-0.01,0.01,0.03,-4.20,-2.83,0.90,1100,1100,1100,1100,1027,1499,1522,11886,699
65636,0,0.54,-2.28,0.23,0.070,-0.043,0.965,0.00,0.00,-0.10,0.48,-0.64,2.76,-0.01,0.01,0.03,-1.46,0.44,-0.55,1100,1100,1100,1100,1027,1499,1522,11895,699
65648,0,-1.58,-1.68,-0.19,0.059,-0.022,0.968,0.00,0.00,-0.07,0.42,1.52,2.10,-0.01,0.02,0.04,4.17,4.23,0.51,1100,1100,1100,1100,1018,1499,1535,11878,699
65660,0,0.39,-1.98,0.22,0.107,-0.061,0.929,0.00,0.00,-0.03,0.39,-0.42,2.37,-0.01,0.02,0.04,-0.61,-2.02,-0.50,1100,1100,1100,1100,1018,1499,1535,11878,699
65672,0,0.17,-5.09,-0.70,0.084,-0.034,0.915,0.00,0.00,-0.01,0.37,-0.18,5.46,-0.01,0.03,0.06,-0.31,8.59,1.81,1100,1100,1100,1100,1018,1499,1535,11890,699
65684,0,0.89,-5.32,-0.08,0.132,-0.059,0.887,0.00,0.00,0.05,0.31,-0.84,5.64,-0.01,0.05,0.05,-1.40,1.58,0.26,1100,1100,1100,1100,1018,1499,1535,11899,699
65696,0,-0.11,-6.50,-0.04,0.133,-0.059,0.885,0.00,0.00,0.10,0.29,0.21,6.79,-0.01,0.07,0.06,-0.20,3.37,0.16,1100,1100,1100,1100,1018,1499,1535,11890,699
65708,0,-0.85,-3.99,-0.17,0.114,-0.025,0.900,0.00,0.00,0.14,0.18,0.98,4.16,-0.01,0.08,0.06,2.14,0.02,0.49,1100,1100,1100,1100,1018,1499,1535,11895,699
65720,0,0.20,-5.13,0.25,0.130,-0.037,0.905,0.00,0.00,0.18,0.16,-0.02,5.29,-0.01,0.09,0.06,-0.68,-1.37,-0.55,1100,1100,1100,1100,1016,1499,1537,11907,700
65732,0,-0.29,-2.31,-0.98,0.060,-0.030,0.935,0.00,0.00,0.21,0.09,0.50,2.40,-0.01,0.10,0.07,-0.13,0.48,2.52,1100,1100,1100,1100,1016,1499,1537,11882,700
65744,0,0.02,-0.31,0.34,0.094,-0.045,0.948,0.00,0.00,0.26,0.03,0.24,0.34,-0.01,0.10,0.07,-0.09,-6.72,-0.78,1100,1100,1100,1100,1016,1499,1537,11907,700
65756,0,0.25,-2.10,-0.27,0.049,-0.057,0.970,0.00,0.00,0.29,0.02,0.04,2.12,-0.01,0.10,0.08,-0.87,3.94,0.75,1100,1100,1100,1100,1016,1499,1537,11886,700
65768,0,0.37,-1.06,0.26,0.057,-0.001,0.962,0.00,0.00,0.25,-0.03,-0.12,1.03,-0.01,0.11,0.08,0.56,1.59,-0.57,1100,1100,1100,1100,1018,1499,1535,11895,700
65780,0,0.81,-0.10,-0.02,0.058,-0.025,0.968,0.00,0.00,0.25,-0.05,-0.56,0.06,-0.01,0.11,0.09,-0.55,-1.59,0.15,1100,1100,1100,1100,1018,1499,1534,11899,700
65792,0,-0.11,0.82,-0.85,0.052,-0.007,0.987,0.00,0.00,0.21,-0.09,0.33,-0.91,-0.01,0.11,0.10,0.10,-5.48,2.22,1100,1100,1100,1100,1018,1499,1534,11899,700
65804,0,0.39,-1.57,-0.08,0.081,-0.004,0.958,0.00,0.00,0.20,-0.13,-0.19,1.44,-0.01,0.11,0.10,0.06,1.71,0.29,1100,1100,1100,1100,1020,1498,1532,11895,700
65816,0,-0.50,-1.75,-0.21,0.087,-0.039,0.957,0.00,0.00,0.23,-0.20,0.73,1.55,-0.01,0.11,0.12,-0.16,6.59,0.63,1100,1100,1100,1100,1020,1498,1532,11890,699
65828,0,-1.02,2.88,-0.40,0.043,-0.015,0.998,0.00,0.00,0.20,-0.27,1.23,-3.15,-0.01,0.11,0.12,2.53,-11.37,1.12,1100,1100,1100,1100,1029,1498,1524,11890,699
65840,0,1.93,-0.20,-0.08,0.049,-0.040,1.008,0.00,0.00,0.22,-0.34,-1.70,-0.14,-0.01,0.10,0.13,-4.11,5.44,0.34,1100,1100,1100,1100,1029,1499,1524,11886,699
65852,0,-1.39,-2.61,-1.06,0.075,-0.027,0.974,0.00,0.00,0.20,-0.34,1.59,2.28,-0.01,0.11,0.15,3.32,6.76,2.80,1100,1100,1100,1100,1029,1499,1524,11886,699
65864,0,-0.05,-4.57,-0.38,0.076,0.019,0.977,0.00,0.00,0.17,-0.34,0.22,4.23,-0.01,0.11,0.16,1.12,8.31,1.10,1100,1100,1100,1100,1019,1499,1534,11890,699
65876,0,0.35,-0.35,0.24,0.103,-0.039,0.965,0.00,0.00,0.14,-0.39,-0.21,-0.04,-0.01,0.12,0.17,0.17,-14.87,-0.42,1100,1100,1100,1100,1019,1499,1534,11890,699
65888,0,-0.30,-4.64,-1.05,0.111,-0.019,0.914,0.00,0.00,0.14,-0.43,0.43,4.20,-0.01,0.13,0.19,0.84,8.90,2.80,1100,1100,1100,1100,1019,1499,1534,11870,699
65900,0,1.43,-0.14,-0.40,0.056,-0.034,0.989,0.00,0.00,0.16,-0.51,-1.26,-0.37,-0.01,0.13,0.21,-2.61,-3.98,1.21,1100,1100,1100,1100,1013,1499,1540,11878,699
65912,0,0.40,-2.24,-1.35,0.103,-0.037,0.949,0.00,0.00,0.20,-0.55,-0.19,1.68,-0.01,0.13,0.24,-0.91,2.78,3.60,1100,1100,1100,1100,1013,1499,1540,11895,699
65924,0,0.03,1.92,-1.04,0.034,-0.053,0.992,0.00,0.00,0.23,-0.62,0.20,-2.54,-0.01,0.13,0.26,0.78,-5.45,2.86,1100,1100,1100,1100,1020,1499,1533,11874,699
65936,0,-0.07,2.95,0.10,0.046,-0.050,1.011,0.00,0.00,0.25,-0.68,0.32,-3.63,-0.01,0.12,0.28,0.74,-9.96,0.03,1100,1100,1100,1100,1020,1499,1533,11865,699
65948,0,1.06,-1.99,-0.85,0.056,-0.041,0.981,0.00,0.00,0.27,-0.69,-0.79,1.30,-0.01,0.12,0.30,-1.66,9.33,2.41,1100,1100,1100,1100,1020,1499,1533,11874,699
65960,0,-0.49,-0.82,-0.28,0.071,-0.025,0.984,0.00,0.00,0.28,-0.75,0.77,0.08,-0.01,0.12,0.30,1.90,2.41,1.02,1100,1100,1100,1100,1020,1499,1533,11849,699
65972,0,0.51,-0.91,-0.27,0.097,-0.027,0.980,0.00,0.00,0.29,-0.78,-0.22,0.12,-0.01,0.13,0.31,0.46,-3.39,0.99,1100,1100,1100,1100,1020,1499,1533,11874,699
65984,0,0.60,-0.53,0.42,0.086,-0.026,0.965,0.00,0.00,0.28,-0.89,-0.33,-0.36,-0.01,0.12,0.30,-1.00,3.40,-0.74,1100,1100,1100,1100,1031,1499,1520,11874,699
65996,0,1.23,2.42,0.60,0.067,-0.008,0.999,0.00,0.00,0.24,-0.97,-0.99,-3.39,-0.01,0.12,0.30,-1.14,-12.16,-1.21,1100,1100,1100,1100,1031,1499,1520,11878,699
66008,0,1.77,-3.06,-0.09,0.108,-0.029,0.960,0.00,0.00,0.24,-1.04,-1.54,2.02,-0.01,0.12,0.30,-3.24,9.66,0.52,1100,1100,1100,1100,1019,1499,1533,11865,699
66020,0,-1.27,0.94,-0.99,0.093,-0.029,0.960,0.00,0.00,0.25,-1.17,1.52,-2.10,-0.01,0.12,0.30,2.90,-2.43,2.78,1100,1100,1100,1100,1023,1499,1529,11882,699
66032,0,0.87,4.68,-0.51,0.089,-0.029,0.992,0.00,0.00,0.24,-1.34,-0.63,-6.01,-0.01,0.11,0.32,-0.51,-11.41,1.58,1100,1100,1100,1100,1023,1499,1529,11874,699
66044,0,-1.16,-0.19,-0.53,0.095,-0.040,0.946,0.00,0.00,0.26,-1.44,1.41,-1.25,-0.01,0.10,0.33,2.08,6.95,1.66,1100,1100,1100,1100,1019,1499,1534,11878,699
66056,0,-0.67,-1.98,0.28,0.091,0.011,0.974,0.00,0.00,0.23,-1.55,0.90,0.43,-0.01,0.10,0.33,1.98,5.40,-0.37,1100,1100,1100,1100,1019,1499,1534,11882,699
66068,0,1.03,1.38,0.42,0.085,-0.038,0.960,0.00,0.00,0.23,-1.63,-0.80,-3.01,-0.01,0.10,0.34,-1.79,-8.68,-0.72,1100,1100,1100,1100,1022,1499,1530,11874,699
66080,0,0.49,-2.54,-0.77,0.054,-0.025,0.975,0.00,0.00,0.22,-1.63,-0.27,0.91,-0.01,0.09,0.35,-1.06,9.14,2.29,1100,1100,1100,1100,1019,1499,1534,11865,699
66092,0,0.37,-0.14,-0.24,0.011,-0.005,0.997,0.00,0.00,0.20,-1.61,-0.17,-1.48,-0.01,0.09,0.36,0.11,0.04,0.95,1100,1100,1100,1100,1019,1499,1534,11886,699
66104,0,0.74,-0.22,-1.09,0.024,-0.041,0.985,0.00,0.00,0.23,-1.54,-0.51,-1.32,-0.01,0.09,0.38,-1.85,-3.16,3.11,1100,1100,1100,1100,1016,1499,1536,11870,699
66116,0,-0.57,-2.54,-0.29,0.026,-0.044,0.979,0.00,0.00,0.26,-1.50,0.83,1.05,-0.01,0.09,0.38,0.92,9.24,1.11,1100,1100,1100,1100,1016,1500,1536,11861,700
66128,0,-0.50,-3.96,0.58,0.076,-0.048,0.945,0.00,0.00,0.30,-1.46,0.80,2.51,-0.01,0.09,0.39,1.58,1.39,-1.07,1100,1100,1100,1100,1013,1500,1538,11878,700
66140,0,-0.69,-4.05,-1.12,0.082,-0.064,0.932,0.00,0.00,0.36,-1.44,1.05,2.61,-0.01,0.10,0.40,0.81,2.31,3.20,1100,1100,1100,1100,1013,1500,1538,11895,700
66152,0,-0.68,-0.35,0.10,0.065,-0.025,0.949,0.00,0.00,0.39,-1.47,1.07,-1.12,-0.01,0.10,0.41,1.47,-8.91,0.17,1100,1100,1100,1100,1013,1500,1538,11886,700
66164,0,1.11,-0.23,-0.52,0.077,-0.048,0.965,0.00,0.00,0.45,-1.49,-0.66,-1.27,-0.01,0.10,0.43,-2.21,-5.77,1.72,1100,1100,1100,1100,1013,1500,1538,11874,700
66176,0,-0.33,0.53,-0.43,0.051,-0.054,0.991,0.00,0.00,0.46,-1.57,0.79,-2.09,-0.00,0.09,0.44,0.54,2.08,1.51,1100,1100,1100,1100,1013,1499,1538,11890,700
66188,0,0.99,1.86,-0.31,0.071,-0.007,0.996,0.00,0.00,0.48,-1.64,-0.51,-3.50,-0.00,0.08,0.46,-1.40,-4.40,1.23,1100,1100,1100,1100,1020,1499,1532,11878,700
66200,0,0.30,-2.58,-1.42,0.114,-0.057,0.933,0.00,0.00,0.51,-1.71,0.21,0.88,-0.00,0.08,0.47,-0.43,6.47,4.02,1100,1100,1100,1100,1020,1499,1532,11878,700
66212,0,-0.56,-3.02,-0.25,0.081,-0.004,0.938,0.00,0.00,0.49,-1.76,1.05,1.26,-0.00,0.08,0.48,1.66,7.27,1.09,1100,1100,1100,1100,1020,1499,1532,11882,700
66224,0,0.00,-2.08,-0.24,0.085,-0.040,0.930,0.00,0.00,0.51,-1.79,0.50,0.29,-0.00,0.09,0.49,0.83,-4.22,1.09,1100,1100,1100,1100,1032,1499,1521,11861,730
66236,0,-0.39,-6.55,0.26,0.128,-0.025,0.903,0.00,0.00,0.49,-1.80,0.87,4.74,-0.00,0.10,0.50,0.29,10.67,-0.16,1100,1100,1100,1100,1032,1499,1521,11849,730
66248,0,-0.54,-2.43,-0.73,0.083,0.008,0.926,0.00,0.00,0.47,-1.88,1.01,0.55,-0.00,0.09,0.52,1.55,3.38,2.36,1100,1100,1100,1100,1032,1499,1521,11849,730
66260,0,2.23,-3.19,-0.88,0.150,-0.025,0.887,0.00,0.00,0.46,-1.93,-1.77,1.26,-0.00,0.11,0.54,-4.47,-10.28,2.75,1100,1100,1100,1100,1024,1499,1529,11882,730
66272,0,-1.08,-6.47,-0.60,0.132,-0.023,0.867,0.00,0.00,0.46,-2.00,1.54,4.47,-0.00,0.11,0.55,2.64,12.88,2.05,1100,1100,1100,1100,1024,1499,1529,11886,730
66284,0,0.73,-0.35,-0.13,0.107,-0.020,0.919,0.00,0.00,0.48,-2.13,-0.25,-1.79,-0.00,0.11,0.56,-1.23,-8.29,0.89,1100,1100,1100,1100,1018,1499,1535,11886,730
66296,0,0.14,-4.07,-0.40,0.135,-0.033,0.882,0.00,0.00,0.48,-2.19,0.34,1.88,0.00,0.11,0.57,-0.39,3.27,1.58,1100,1100,1100,1100,1018,1499,1535,11874,730
66308,0,-0.30,-5.41,-0.30,0.115,-0.010,0.886,0.00,0.00,0.46,-2.30,0.76,3.11,0.00,0.11,0.57,1.08,10.23,1.31,1100,1100,1100,1100,1024,1499,1529,11895,730
66320,0,-1.23,-1.46,0.10,0.168,-0.048,0.861,0.00,0.00,0.48,-2.43,1.71,-0.97,0.00,0.12,0.58,3.07,-11.28,0.34,1100,1100,1100,1100,1024,1499,1529,11865,702
66332,0,0.64,-4.85,-0.69,0.127,-0.038,0.886,0.00,0.00,0.47,-2.52,-0.17,2.33,0.00,0.12,0.60,-1.24,5.78,2.33,1100,1100,1100,1100,1024,1499,1529,11857,702
66344,0,0.49,-1.42,-0.97,0.130,-0.013,0.887,0.00,0.00,0.47,-2.69,-0.01,-1.27,0.00,0.12,0.62,-0.52,-4.84,3.05,1100,1100,1100,1100,1024,1499,1529,11845,702
66356,0,1.40,-2.78,-1.05,0.142,-0.003,0.923,0.00,0.00,0.47,-2.76,-0.93,0.02,0.00,0.12,0.65,-2.08,-1.65,3.28,1100,1100,1100,1100,1024,1499,1529,11878,702
66368,0,-1.90,-0.08,-0.66,0.088,-0.025,0.925,0.00,0.00,0.45,-2.90,2.35,-2.82,0.00,0.11,0.67,4.89,-2.08,2.33,1100,1100,1100,1100,1025,1499,1529,11882,702
66380,0,1.61,-0.49,-0.09,0.132,-0.005,0.931,0.00,0.00,0.42,-2.99,-1.18,-2.51,0.00,0.11,0.69,-2.75,-5.03,0.91,1100,1100,1100,1100,1025,1499,1529,11882,702
66392,0,2.24,-6.86,-0.22,0.123,-0.044,0.930,0.00,0.00,0.42,-3.02,-1.81,3.84,0.00,0.12,0.70,-5.07,12.73,1.25,1100,1100,1100,1100,1025,1499,1529,11878,702
66404,0,-3.10,-4.30,-0.70,0.139,-0.014,0.904,0.00,0.00,0.46,-3.14,3.56,1.17,0.00,0.11,0.71,5.83,5.99,2.47,1100,1100,1100,1100,1029,1500,1524,11899,702
66416,0,-0.49,-0.09,0.08,0.151,-0.063,0.906,0.00,0.00,0.51,-3.26,1.00,-3.17,0.00,0.11,0.71,1.53,-13.70,0.51,1100,1100,1100,1100,1029,1500,1524,11899,710
66428,0,-0.18,-0.18,-0.43,0.134,-0.048,0.901,0.00,0.00,0.54,-3.40,0.72,-3.23,0.01,0.11,0.72,-0.87,-8.04,1.79,1100,1100,1100,1100,1029,1500,1524,11861,710
66440,0,0.78,0.68,-0.52,0.087,0.010,0.963,0.00,0.00,0.51,-3.54,-0.27,-4.22,0.00,0.10,0.72,0.38,-4.97,2.02,1100,1100,1100,1100,1020,1500,1534,11874,710
66452,0,0.69,2.97,0.07,0.080,-0.020,1.008,0.00,0.00,0.51,-3.67,-0.18,-6.64,0.01,0.09,0.74,-1.43,-5.93,0.55,1100,1100,1100,1100,1020,1500,1534,11878,710
66464,0,-1.41,5.33,-0.96,0.010,-0.006,1.033,0.00,0.00,0.45,-3.75,1.86,-9.08,0.01,0.06,0.76,3.94,-6.35,3.15,1100,1100,1100,1100,1020,1500,1534,11886,710
66476,0,1.04,5.85,-0.51,-0.039,0.001,1.075,0.00,0.00,0.42,-3.77,-0.62,-9.62,0.01,0.04,0.78,-1.92,-6.41,2.05,1100,1100,1100,1100,1020,1499,1534,11874,710
66488,0,1.02,-0.57,-1.22,-0.000,-0.004,1.035,0.00,0.00,0.38,-3.68,-0.63,-3.11,0.01,0.03,0.82,-2.57,11.01,3.87,1100,1100,1100,1100,1021,1499,1534,11882,710
66500,0,-0.59,1.20,-1.78,-0.007,-0.005,1.039,0.00,0.00,0.40,-3.62,0.99,-4.82,0.01,0.01,0.85,0.58,2.73,5.30,1100,1100,1100,1100,1021,1500,1534,11878,710
66512,0,0.46,2.38,-0.07,0.012,-0.063,1.038,0.00,0.00,0.41,-3.59,-0.05,-5.97,0.01,0.00,0.87,-0.35,-8.60,1.04,1100,1100,1100,1100,1021,1500,1534,11870,710
66524,0,1.04,-1.20,-1.44,0.050,-0.027,0.995,0.00,0.00,0.41,-3.59,-0.63,-2.39,0.01,-0.01,0.92,-1.89,10.55,4.51,1100,1100,1100,1100,1022,1499,1534,11853,699
66536,0,0.97,2.66,-0.89,0.026,0.013,1.032,0.00,0.00,0.35,-3.60,-0.62,-6.26,0.01,-0.02,0.93,-0.13,-11.58,3.16,1100,1100,1100,1100,1022,1499,1534,11861,699
66548,0,-0.99,4.84,-0.36,0.035,-0.023,1.003,0.00,0.00,0.31,-3.66,1.30,-8.50,0.01,-0.03,0.96,3.13,-13.91,1.87,1100,1100,1100,1100,1023,1499,1532,11861,699
66560,0,0.11,2.00,-1.17,-0.012,-0.025,1.018,0.00,0.00,0.32,-3.61,0.21,-5.60,0.01,-0.04,0.98,-1.36,-5.13,3.91,1100,1100,1100,1100,1024,1499,1532,11861,699
66572,0,-1.29,0.10,-0.64,0.011,0.001,1.032,0.00,0.00,0.28,-3.59,1.57,-3.69,0.01,-0.06,1.00,2.85,4.56,2.60,1100,1100,1100,1100,1024,1499,1532,11849,699
66584,0,-0.20,-0.92,-0.32,0.067,-0.005,0.996,0.00,0.00,0.27,-3.53,0.48,-2.61,0.01,-0.06,1.01,0.77,-3.04,1.81,1100,1100,1100,1100,1035,1499,1533,11857,699
66596,0,-1.30,-2.47,-0.06,0.075,-0.023,0.967,0.00,0.00,0.23,-3.54,1.53,-1.06,0.01,-0.07,1.02,2.57,6.63,1.17,1100,1100,1100,1100,1035,1499,1533,11861,699
66608,0,0.79,-4.43,-0.64,0.087,0.006,0.962,0.00,0.00,0.18,-3.55,-0.61,0.88,0.01,-0.07,1.05,-1.12,10.12,2.64,1100,1100,1100,1100,1038,1499,1533,11861,699
66620,0,2.67,-3.16,-0.78,0.116,-0.010,0.934,0.00,0.00,0.18,-3.57,-2.49,-0.41,0.01,-0.07,1.07,-6.09,-4.24,3.02,1100,1100,1100,1100,1042,1499,1533,11874,700
66632,0,-1.59,-4.73,-1.24,0.123,-0.032,0.895,0.00,0.00,0.21,-3.59,1.81,1.15,0.01,-0.06,1.10,3.32,0.39,4.20,1100,1100,1100,1100,1042,1499,1533,11870,700
66644,0,-0.38,-2.16,-0.02,0.076,-0.021,0.956,0.00,0.00,0.25,-3.62,0.62,-1.47,0.01,-0.07,1.11,0.48,-2.06,1.16,1100,1100,1100,1100,1042,1499,1534,11849,700
66656,0,1.65,-0.14,-1.02,0.059,-0.032,0.980,0.00,0.00,0.23,-3.64,-1.42,-3.50,0.01,-0.07,1.13,-3.35,-4.57,3.67,1100,1100,1100,1100,1042,1499,1534,11861,700
66668,0,0.00,1.22,-0.95,0.024,-0.012,0.995,0.00,0.00,0.22,-3.65,0.22,-4.87,0.01,-0.09,1.15,0.18,-2.93,3.53,1100,1100,1100,1100,1042,1499,1537,11882,700
66680,0,0.16,3.75,-0.06,0.053,-0.029,1.001,0.00,0.00,0.21,-3.70,0.05,-7.45,0.01,-0.10,1.18,0.96,-12.94,1.32,1100,1100,1100,1100,1045,1499,1537,11878,700
66692,0,-0.15,0.66,-2.20,0.034,-0.036,0.985,0.00,0.00,0.22,-3.72,0.36,-4.39,0.01,-0.12,1.22,0.07,4.82,6.71,1100,1100,1100,1100,1045,1499,1537,11882,700
66704,0,-1.02,0.69,-0.68,0.032,0.016,0.994,0.00,0.00,0.17,-3.74,1.19,-4.43,0.01,-0.12,1.24,2.78,-2.15,2.94,1100,1100,1100,1100,1060,1499,1533,11895,700
66716,0,-0.21,-0.79,-0.71,0.067,-0.015,0.973,0.00,0.00,0.16,-3.73,0.37,-2.94,0.01,-0.13,1.27,1.51,-0.30,3.04,1100,1100,1100,1100,1060,1499,1533,11907,700
66728,0,0.76,-0.39,-0.50,0.047,-0.011,0.993,0.00,0.00,0.07,-3.71,-0.69,-3.32,0.01,-0.14,1.29,-0.70,-2.89,2.54,1100,1100,1100,1100,1078,1499,1533,11870,700
66740,0,0.43,-0.53,-0.54,0.065,0.039,0.976,0.00,0.00,0.00,-3.75,-0.43,-3.21,0.01,-0.15,1.32,0.24,-0.06,2.67,1100,1100,1100,1100,1079,1499,1537,11857,700
66752,0,1.74,-3.73,-1.19,0.109,-0.017,0.944,0.00,0.00,-0.03,-3.76,-1.77,-0.03,0.01,-0.15,1.34,-3.02,6.27,4.31,1100,1100,1100,1100,1079,1499,1537,11882,700
66764,0,-2.10,-5.21,-0.40,0.098,-0.007,0.934,0.00,0.00,-0.03,-3.77,2.07,1.44,0.01,-0.15,1.35,3.59,12.09,2.34,1100,1100,1100,1100,1083,1499,1537,11878,700
66776,0,0.89,3.85,-0.39,0.051,-0.022,0.995,0.00,0.00,-0.03,-3.84,-0.91,-7.68,0.01,-0.16,1.36,-1.92,-23.44,2.34,1100,1100,1100,1100,1083,1499,1537,11878,700
66788,0,1.22,0.19,0.01,0.063,-0.046,0.955,0.00,0.00,-0.02,-3.86,-1.23,-4.05,0.01,-0.17,1.38,-3.73,1.88,1.36,1100,1100,1100,1100,1093,1499,1531,11870,700
66800,0,-0.77,1.45,-0.55,-0.006,-0.001,1.002,0.00,0.00,-0.02,-3.88,0.75,-5.33,0.01,-0.19,1.39,1.54,-0.15,2.77,1100,1100,1100,1100,1095,1498,1530,11870,700
66812,0,-0.82,6.93,-0.53,-0.003,-0.032,1.025,0.00,0.00,-0.00,-3.89,0.82,-10.82,0.01,-0.20,1.40,1.76,-22.91,2.71,1100,1100,1100,1100,1095,1498,1530,11895,700
66824,0,-0.94,1.11,-0.52,-0.054,-0.018,1.051,0.00,0.00,-0.02,-3.79,0.91,-4.90,0.01,-0.22,1.42,1.36,3.56,2.71,1100,1100,1100,1100,1100,1498,1531,11895,698
66836,0,-0.78,5.22,-0.65,-0.096,-0.006,1.090,0.00,0.00,-0.06,-3.72,0.72,-8.94,0.01,-0.24,1.43,2.82,-5.74,3.05,1100,1100,1100,1100,1100,1498,1531,11890,698
66848,0,1.38,1.07,0.11,-0.052,-0.003,1.108,0.00,0.00,-0.09,-3.53,-1.47,-4.60,0.01,-0.25,1.44,-2.62,0.28,1.17,1100,1100,1100,1100,1103,1498,1533,11870,698
66860,0,0.38,0.76,-1.11,-0.090,0.003,1.101,0.00,0.00,-0.14,-3.41,-0.52,-4.17,0.01,-0.27,1.47,-0.71,7.12,4.25,1100,1100,1100,1100,1103,1499,1533,11890,698
66872,0,1.35,-0.86,-0.01,-0.023,0.014,1.059,0.00,0.00,-0.19,-3.26,-1.54,-2.40,0.01,-0.27,1.47,-2.27,5.02,1.50,1100,1100,1100,1100,1103,1499,1533,11878,698
66884,0,0.52,-2.54,-0.41,-0.007,-0.015,1.041,0.00,0.00,-0.21,-3.08,-0.73,-0.54,0.01,-0.28,1.50,-1.58,1.73,2.52,1100,1100,1100,1100,1118,1499,1531,11886,698
66896,0,-1.31,-1.41,-0.97,0.006,0.000,0.981,0.00,0.00,-0.23,-2.99,1.08,-1.59,0.01,-0.28,1.51,1.93,-1.37,3.94,1100,1100,1100,1100,1118,1499,1531,11882,698
66908,0,0.60,0.46,-0.33,0.010,-0.021,0.998,0.00,0.00,-0.24,-2.90,-0.84,-3.36,0.01,-0.28,1.52,-1.04,-8.18,2.34,1100,1100,1100,1100,1122,1499,1531,11861,698
66920,0,-0.27,-2.70,-0.81,-0.003,-0.032,0.989,0.00,0.00,-0.23,-2.82,0.05,-0.12,0.01,-0.29,1.54,-0.57,7.17,3.56,1100,1100,1100,1100,1122,1499,1533,11878,699
66932,0,-1.75,5.65,-0.61,-0.033,-0.005,1.042,0.00,0.00,-0.23,-2.79,1.51,-8.44,0.01,-0.30,1.55,3.95,-20.16,3.08,1100,1100,1100,1100,1122,1499,1533,11865,699
66944,0,0.39,0.73,0.31,-0.017,-0.047,1.039,0.00,0.00,-0.21,-2.69,-0.60,-3.42,0.01,-0.31,1.55,-0.93,-4.61,0.78,1100,1100,1100,1100,1122,1499,1533,11865,699
66956,0,-1.18,0.38,-0.59,-0.002,-0.044,1.034,0.00,0.00,-0.21,-2.64,0.98,-3.02,0.01,-0.32,1.57,2.00,4.31,3.05,1100,1100,1100,1100,1122,1499,1533,11874,699
66968,0,-0.04,-5.25,-0.22,0.036,-0.008,1.012,0.00,0.00,-0.20,-2.55,-0.16,2.69,0.01,-0.32,1.58,0.78,17.38,2.13,1100,1100,1100,1100,1132,1499,1531,11878,699
66980,0,1.36,0.21,-0.40,0.065,-0.017,0.989,0.00,0.00,-0.19,-2.52,-1.54,-2.73,0.01,-0.32,1.59,-3.09,-13.44,2.59,1100,1100,1100,1100,1147,1499,1530,11857,699
66992,0,-0.23,-1.42,-1.18,0.065,-0.010,0.957,0.00,0.00,-0.21,-2.52,0.02,-1.10,0.01,-0.32,1.61,1.24,0.71,4.55,1100,1100,1100,1100,1147,1499,1530,11861,699
67004,0,1.67,1.23,-0.04,0.060,-0.027,1.000,0.00,0.00,-0.20,-2.63,-1.87,-3.86,0.01,-0.33,1.62,-3.45,-0.60,1.73,1100,1100,1100,1100,1150,1499,1530,11861,699
67016,0,0.46,3.42,-0.95,0.083,-0.020,1.018,0.00,0.00,-0.20,-2.74,-0.65,-6.16,0.01,-0.35,1.65,-1.46,-7.56,4.02,1140,1162,1146,1152,1150,1499,1530,11874,699
67028,0,-0.85,3.82,-1.24,0.017,-0.024,1.042,0.00,0.00,-0.18,-2.87,0.67,-6.69,0.01,-0.37,1.67,1.28,-0.15,4.78,1140,1162,1146,1152,1160,1499,1529,11874,699
67040,0,-0.32,5.73,0.04,0.038,-0.028,1.040,0.00,0.00,-0.17,-2.97,0.14,-8.70,0.01,-0.39,1.70,0.25,-7.24,1.60,1140,1162,1146,1152,1168,1499,1521,11865,699
67052,0,0.61,2.71,-1.21,0.002,-0.043,1.019,0.00,0.00,-0.14,-2.96,-0.75,-5.66,0.01,-0.40,1.73,-2.16,-1.94,4.76,1140,1162,1146,1152,1168,1499,1521,11845,699
67064,0,0.16,2.21,-0.21,-0.010,-0.030,1.041,0.00,0.00,-0.13,-2.98,-0.28,-5.19,0.01,-0.41,1.73,-0.88,0.58,2.26,1140,1162,1146,1152,1171,1499,1529,11824,699
67076,0,-0.74,4.42,-0.82,-0.004,-0.025,1.054,0.00,0.00,-0.13,-2.97,0.61,-7.39,0.01,-0.43,1.76,3.22,-8.37,3.81,1140,1162,1146,1152,1171,1499,1529,11807,699
67088,0,0.19,-9.13,-1.23,0.031,-0.069,0.974,0.00,0.00,-0.10,-2.82,-0.29,6.30,0.01,-0.42,1.78,0.41,28.52,4.84,1140,1162,1146,1152,1176,1499,1531,11778,699
67100,0,0.14,0.50,-0.97,0.007,-0.029,1.036,0.00,0.00,-0.13,-2.75,-0.27,-3.25,0.01,-0.43,1.79,0.57,-11.35,4.22,1140,1162,1146,1152,1175,1499,1532,11757,699
67112,0,1.32,-4.17,-0.14,0.083,-0.006,0.984,0.00,0.00,-0.17,-2.71,-1.48,1.46,0.00,-0.42,1.81,0.45,1.51,2.16,1140,1162,1146,1152,1175,1499,1532,11728,699
67124,0,3.04,-2.02,-1.04,0.074,-0.044,0.990,0.00,0.00,-0.17,-2.69,-3.21,-0.66,0.00,-0.42,1.83,-4.17,-8.95,4.43,1171,1171,1185,1173,1176,1499,1533,11707,699
67136,0,-1.00,-7.54,-1.16,0.110,-0.031,0.942,0.00,0.00,-0.14,-2.69,0.87,4.84,0.00,-0.42,1.85,1.07,17.75,4.75,1171,1171,1185,1173,1176,1499,1533,11741,699
67148,0,-3.46,-8.39,-0.81,0.111,-0.020,0.922,0.00,0.00,-0.05,-2.70,3.41,5.69,0.00,-0.41,1.88,5.64,8.13,3.90,1171,1171,1185,1173,1182,1499,1533,11766,699
67160,0,-3.16,-2.12,-1.22,0.050,-0.049,0.942,0.00,0.00,0.02,-2.69,3.18,-0.57,0.00,-0.40,1.91,6.06,-15.18,4.97,1171,1171,1185,1173,1194,1500,1526,11724,699
67172,0,0.08,7.57,-2.21,-0.070,-0.056,1.037,0.00,0.00,0.00,-2.68,-0.08,-10.25,0.00,-0.43,1.98,-0.15,-22.81,7.50,1171,1171,1185,1173,1194,1500,1526,11720,699
67184,0,-0.61,3.49,-3.00,-0.138,0.020,1.164,0.00,0.00,-0.04,-2.73,0.57,-6.22,0.00,-0.47,2.06,0.00,32.19,9.56,1171,1171,1185,1173,1195,1500,1524,11736,699
67196,0,-1.80,14.66,-2.95,-0.198,0.058,1.195,0.00,0.00,-0.07,-2.84,1.73,-17.50,0.01,-0.52,2.16,2.13,4.10,9.53,1171,1171,1185,1173,1195,1497,1524,11741,699
67208,0,0.23,11.91,-2.80,-0.218,-0.008,1.167,0.00,0.00,-0.14,-2.62,-0.36,-14.53,0.00,-0.54,2.25,0.88,-18.91,9.26,1171,1171,1185,1173,1203,1497,1520,11720,699
67220,0,6.25,-6.62,-2.24,-0.016,-0.020,1.034,0.00,0.00,-0.18,-2.26,-6.43,4.36,0.00,-0.53,2.33,-13.83,6.36,7.94,1297,1109,1315,1100,1205,1497,1520,11749,725
67232,0,-1.46,-29.20,-3.11,0.144,-0.045,0.836,0.00,0.00,-0.10,-2.01,1.36,27.19,0.01,-0.51,2.44,0.20,98.68,10.22,1297,1109,1315,1100,1205,1497,1520,11711,725
67244,0,-2.19,3.12,-4.61,0.001,-0.044,1.001,0.00,0.00,-0.16,-1.96,2.03,-5.09,0.00,-0.51,2.54,7.05,-33.83,14.06,1297,1109,1315,1100,1205,1498,1520,11724,725
67256,0,0.37,8.13,-3.53,0.040,0.033,1.068,0.00,0.00,-0.22,-2.08,-0.59,-10.21,0.00,-0.50,2.63,2.79,-60.17,11.47,1297,1109,1315,1100,1205,1498,1520,11766,725
67268,0,0.69,-3.69,-2.91,0.216,-0.007,0.847,0.00,0.00,-0.24,-2.41,-0.93,1.28,-0.00,-0.51,2.75,1.75,25.99,10.04,1297,1109,1315,1100,1204,1498,1532,11741,725
67280,0,6.63,19.63,-4.73,0.112,-0.029,1.077,0.00,0.00,-0.30,-2.64,-6.93,-22.27,-0.00,-0.54,2.91,-12.80,-59.79,14.73,1297,1109,1315,1100,1193,1498,1541,11711,725
67292,0,1.49,-9.43,-6.99,0.142,-0.033,0.963,0.00,0.00,-0.23,-2.64,-1.72,6.79,0.00,-0.54,3.08,-8.85,36.33,20.56,1297,1109,1315,1100,1193,1498,1541,11711,725
67304,0,-10.27,-10.40,-5.74,-0.010,-0.022,0.936,0.00,0.00,-0.16,-2.63,10.11,7.77,0.01,-0.54,3.22,14.57,38.46,17.57,1297,1109,1315,1100,1204,1499,1532,11695,725
67316,0,-17.22,-13.49,-6.34,0.036,-0.035,0.998,0.00,0.00,-0.16,-2.58,17.06,10.91,0.01,-0.52,3.43,36.73,24.05,19.28,1173,1163,1283,1197,1204,1499,1532,11716,702
67328,0,6.30,-1.26,-6.13,0.139,0.030,0.901,0.00,0.00,-0.20,-2.64,-6.50,-1.39,0.00,-0.53,3.61,-10.66,-4.19,18.93,1173,1163,1283,1197,1209,1499,1531,11724,702
67340,0,9.48,10.40,-6.54,0.114,-0.062,0.979,0.00,0.00,0.03,-2.59,-9.45,-13.00,0.01,-0.52,3.83,-27.67,-73.49,20.17,1173,1163,1283,1197,1209,1499,1531,11707,702
67352,0,8.07,-1.32,-8.56,0.118,-0.107,0.948,0.00,0.00,0.10,-2.62,-7.96,-1.30,0.01,-0.53,4.05,-23.75,3.15,25.46,1173,1163,1283,1197,1209,1499,1531,11720,702
67364,0,-15.31,-12.75,-7.18,0.001,-0.067,1.018,0.00,0.00,0.30,-2.46,15.61,10.29,0.02,-0.52,4.28,19.54,37.11,22.22,1173,1163,1283,1197,1215,1499,1527,11703,702
67376,0,-17.92,-4.84,-8.22,-0.021,-0.064,1.073,0.00,0.00,0.19,-2.53,18.10,2.31,0.02,-0.54,4.50,41.49,32.31,25.04,1173,1163,1283,1197,1215,1499,1527,11703,702
67388,0,-4.08,-8.34,-6.78,0.059,0.050,0.979,0.00,0.00,0.20,-2.56,4.28,5.77,0.02,-0.54,4.72,12.21,30.97,21.66,1173,1163,1283,1197,1219,1499,1532,11653,702
67400,0,12.72,24.61,-8.06,-0.044,-0.041,1.088,0.00,0.00,0.09,-2.80,-12.64,-27.42,0.01,-0.58,4.95,-16.36,-71.19,25.11,1173,1163,1283,1197,1223,1499,1527,11653,702
67412,0,18.07,1.18,-6.72,0.085,-0.021,1.000,0.00,0.00,0.20,-2.78,-17.86,-3.96,0.01,-0.58,5.17,-37.01,-9.04,21.98,1173,1163,1283,1197,1223,1499,1527,11628,702
67424,0,13.71,12.24,-6.08,0.064,-0.071,0.969,0.00,0.00,0.12,-2.83,-13.59,-15.07,0.01,-0.59,5.38,-23.78,-50.69,20.57,1192,1242,1250,1208,1234,1499,1531,11637,699
67436,0,-2.84,-15.11,-4.70,0.108,-0.081,0.874,0.00,0.00,0.25,-2.62,3.09,12.49,0.01,-0.57,5.54,3.30,29.52,17.29,1192,1242,1250,1208,1234,1499,1531,11666,699
67448,0,-11.12,-5.18,-5.71,0.011,-0.052,1.071,0.00,0.00,0.19,-2.57,11.31,2.62,0.01,-0.58,5.71,25.08,14.92,20.00,1192,1242,1250,1208,1241,1499,1524,11603,699
67460,0,-14.27,-10.41,-4.52,-0.024,-0.004,0.989,0.00,0.00,0.26,-2.50,14.54,7.90,0.01,-0.58,5.84,28.60,37.29,17.14,1192,1242,1250,1208,1235,1498,1531,11641,699
67472,0,1.49,16.95,-5.88,-0.142,0.064,1.175,0.00,0.00,0.19,-2.46,-1.30,-19.41,0.01,-0.59,5.97,-3.17,-66.81,20.67,1192,1242,1250,1208,1235,1498,1531,11607,699
67484,0,3.22,3.54,-4.00,0.012,-0.016,0.956,0.00,0.00,0.35,-2.46,-2.87,-6.00,0.02,-0.61,6.09,-13.52,-0.02,16.09,1192,1242,1250,1208,1235,1498,1531,11620,699
67496,0,6.82,-0.05,-3.20,0.019,-0.001,0.977,0.00,0.00,0.45,-2.21,-6.37,-2.16,0.02,-0.59,6.19,-21.86,-30.05,14.19,1192,1242,1250,1208,1235,1498,1531,11637,699
67508,0,8.29,22.55,-3.66,-0.014,0.002,1.133,0.00,0.00,0.48,-2.42,-7.82,-24.97,0.03,-0.63,6.33,-23.80,-65.71,15.49,1192,1242,1250,1208,1235,1498,1531,11691,699
67520,0,2.86,-16.95,-1.48,0.217,-0.064,0.839,0.00,0.00,0.55,-2.48,-2.30,14.47,0.03,-0.62,6.44,-11.72,69.02,10.14,1279,1153,1349,1159,1235,1498,1531,11699,700
67532,0,-1.10,-4.43,-2.77,0.058,-0.052,0.969,0.00,0.00,0.57,-2.35,1.67,2.08,0.03,-0.60,6.53,0.58,-28.19,13.45,1279,1153,1349,1159,1235,1498,1531,11674,700
67544,0,-1.47,13.12,-3.68,-0.029,-0.034,1.126,0.00,0.00,0.46,-2.65,1.92,-15.78,0.02,-0.65,6.65,8.68,-13.11,15.85,1279,1153,1349,1159,1234,1498,1532,11682,700
67556,0,-0.54,-14.00,-2.49,0.112,-0.026,0.956,0.00,0.00,0.37,-2.73,0.92,11.27,0.02,-0.65,6.72,10.68,72.69,12.95,1279,1153,1349,1159,1234,1499,1532,11687,700
67568,0,-0.16,1.73,-3.10,-0.011,-0.004,1.028,0.00,0.00,0.23,-2.79,0.39,-4.51,0.01,-0.66,6.77,12.43,-7.39,14.51,1279,1153,1349,1159,1241,1499,1529,11674,700
67580,0,0.65,13.15,-3.38,-0.053,0.024,1.110,0.00,0.00,0.06,-2.99,-0.59,-16.13,0.01,-0.69,6.83,11.43,-23.49,15.27,1279,1153,1349,1159,1252,1499,1529,11720,700
67592,0,0.84,-5.55,-2.30,0.112,0.029,0.993,0.00,0.00,-0.07,-3.10,-0.91,2.45,0.00,-0.70,6.89,8.32,40.28,12.64,1279,1153,1349,1159,1252,1499,1529,11699,700
67604,0,-0.22,-13.25,-0.97,0.117,-0.008,0.902,0.00,0.00,-0.04,-2.92,0.18,10.34,0.00,-0.67,6.91,5.00,7.19,9.33,1279,1153,1349,1159,1252,1499,1529,11674,700
67616,0,2.77,15.16,-1.32,-0.100,0.012,1.077,0.00,0.00,0.03,-2.79,-2.73,-17.95,0.00,-0.67,6.94,-8.16,-80.70,10.23,1170,1350,1174,1314,1252,1499,1529,11674,908
67628,0,1.26,11.15,-0.84,-0.045,-0.005,1.077,0.00,0.00,0.10,-2.84,-1.15,-13.99,0.01,-0.71,7.00,-9.53,-15.35,9.10,1170,1350,1174,1314,1265,1499,1528,11637,908
67640,0,-0.88,-10.04,-0.04,0.082,-0.022,0.951,0.00,0.00,0.21,-2.59,1.09,7.44,0.01,-0.69,7.05,-7.93,19.93,7.14,1170,1350,1174,1314,1268,1499,1528,11620,908
67652,0,-0.53,-9.56,-0.05,0.038,-0.023,0.992,0.00,0.00,0.35,-2.30,0.88,7.27,0.02,-0.67,7.09,-10.99,-7.51,7.21,1170,1350,1174,1314,1268,1499,1528,11595,908
67664,0,0.86,10.07,-1.38,-0.094,-0.030,1.135,0.00,0.00,0.45,-2.28,-0.41,-12.35,0.03,-0.69,7.17,-12.58,-37.01,10.62,1170,1350,1174,1314,1268,1499,1530,11599,908
67676,0,3.72,4.49,-1.19,0.004,-0.038,1.048,0.00,0.00,0.51,-2.41,-3.21,-6.89,0.03,-0.72,7.24,-15.15,16.81,10.23,1170,1350,1174,1314,1268,1499,1530,11574,908
67688,0,4.12,-20.12,-0.59,0.210,-0.048,0.868,0.00,0.00,0.53,-2.41,-3.58,17.71,0.03,-0.71,7.28,-9.94,68.40,8.75,1170,1350,1174,1314,1267,1499,1531,11582,908
67700,0,2.41,-18.28,-1.60,0.162,-0.055,0.882,0.00,0.00,0.50,-2.40,-1.91,15.88,0.03,-0.67,7.31,-1.75,23.72,11.31,1170,1350,1174,1314,1267,1499,1532,11628,908
67712,0,0.71,7.98,-3.60,-0.083,-0.049,1.121,0.00,0.00,0.43,-2.50,-0.29,-10.48,0.03,-0.69,7.37,2.85,-36.74,16.38,1170,1350,1174,1314,1267,1499,1532,11591,908
67724,0,-1.31,22.10,-4.26,-0.227,-0.027,1.304,0.00,0.00,0.34,-2.79,1.65,-24.89,0.02,-0.75,7.45,7.47,-24.96,18.10,1201,1347,1207,1313,1271,1499,1542,11599,694
67736,0,-3.29,19.92,-4.18,-0.238,-0.021,1.322,0.00,0.00,0.26,-3.05,3.55,-22.97,0.02,-0.82,7.52,12.42,4.59,17.98,1201,1347,1207,1313,1271,1499,1542,11591,694
67748,0,-4.53,-1.01,-3.36,-0.055,-0.044,1.091,0.00,0.00,0.21,-3.16,4.74,-2.15,0.02,-0.85,7.57,15.34,62.24,15.99,1201,1347,1207,1313,1275,1499,1532,11566,694
67760,0,-5.59,-19.13,-1.83,0.143,-0.056,0.832,0.00,0.00,0.27,-3.10,5.87,16.02,0.02,-0.83,7.59,15.36,61.38,12.15,1201,1347,1207,1313,1294,1499,1520,11541,694
67772,0,-6.99,-27.23,-1.48,0.185,-0.060,0.675,0.00,0.00,0.44,-2.99,7.42,24.24,0.02,-0.75,7.58,15.30,15.93,11.29,1201,1347,1207,1313,1294,1499,1520,11532,694
67784,0,-7.75,-9.54,-2.60,0.026,-0.029,0.776,0.00,0.00,0.57,-2.84,8.32,6.70,0.02,-0.71,7.60,14.91,-42.91,14.10,1201,1347,1207,1313,1294,1499,1520,11537,694
67796,0,-8.69,25.97,-4.49,-0.256,0.015,1.050,0.00,0.00,0.58,-2.65,9.28,-28.62,0.03,-0.72,7.67,17.13,-110.00,18.90,1201,1347,1207,1313,1294,1499,1520,11557,694
67808,0,-10.97,39.34,-5.47,-0.404,0.043,1.249,0.00,0.00,0.54,-2.55,11.51,-41.89,0.03,-0.76,7.78,21.76,-110.00,21.46,1201,1347,1207,1313,1299,1499,1520,11520,694
67820,0,-12.61,43.58,-5.85,-0.443,0.011,1.336,0.00,0.00,0.48,-2.65,13.08,-46.23,0.03,-0.83,7.91,26.84,-92.08,22.54,1276,1338,1286,1296,1298,1499,1523,11508,699
67832,0,-10.46,41.04,-5.72,-0.383,-0.018,1.364,0.00,0.00,0.38,-2.74,10.83,-43.78,0.03,-0.90,8.04,25.60,-76.15,22.35,1276,1338,1286,1296,1298,1499,1523,11483,699
67844,0,-7.00,31.67,-6.03,-0.289,-0.064,1.316,0.00,0.00,0.28,-2.73,7.28,-34.40,0.02,-0.96,8.19,21.64,-57.59,23.26,1276,1338,1286,1296,1298,1499,1523,11499,699
67856,0,-3.44,20.33,-5.85,-0.237,-0.088,1.306,0.00,0.00,0.15,-2.58,3.60,-22.91,0.01,-0.99,8.34,19.21,-43.53,22.96,1276,1338,1286,1296,1298,1499,1523,11453,699
67868,0,0.90,14.78,-5.99,-0.224,-0.103,1.318,0.00,0.00,-0.02,-2.43,-0.92,-17.21,0.00,-1.01,8.51,15.38,-31.87,23.49,1276,1338,1286,1296,1298,1499,1526,11441,699
67880,0,7.86,14.02,-6.66,-0.284,-0.088,1.358,0.00,0.00,-0.33,-2.24,-8.19,-16.26,-0.02,-1.04,8.69,9.67,-30.82,25.35,1276,1338,1286,1296,1299,1499,1528,11487,699
67892,0,17.54,1.78,-7.97,-0.330,-0.107,1.350,0.00,0.00,-0.81,-1.91,-18.35,-3.69,-0.04,-1.06,8.90,0.53,14.67,28.83,1276,1338,1286,1296,1299,1499,1528,11487,699
67904,0,21.76,-20.19,-6.57,-0.186,-0.069,1.222,0.00,0.00,-1.46,-1.06,-23.22,19.13,-0.08,-1.01,9.05,2.67,28.16,25.48,1276,1338,1286,1296,1300,1499,1526,11512,699
67916,0,28.71,-29.62,-6.53,-0.038,-0.046,1.087,0.00,0.00,-2.22,-0.13,-30.92,29.49,-0.12,-0.94,9.18,-3.18,18.53,25.50,1296,1310,1340,1254,1300,1499,1526,11495,700
67928,0,32.95,-31.29,-6.22,0.084,-0.081,0.990,0.00,0.00,-3.06,0.71,-36.01,32.00,-0.17,-0.84,9.30,-3.44,-4.93,24.86,1296,1310,1340,1254,1299,1499,1529,11478,700
67940,0,37.54,-25.13,-6.24,0.143,-0.081,0.967,0.00,0.00,-3.93,1.35,-41.47,26.49,-0.22,-0.75,9.40,-8.25,-39.37,25.01,1296,1310,1340,1254,1305,1499,1530,11462,700
67952,0,38.55,-25.18,-5.17,0.164,-0.124,0.851,0.00,0.00,-4.74,1.78,-43.29,26.96,-0.27,-0.66,9.49,-8.33,-29.32,22.41,1296,1310,1340,1254,1305,1499,1530,11478,700
67964,0,40.18,-24.95,-5.10,0.260,-0.157,0.785,0.00,0.00,-5.51,2.03,-45.70,26.98,-0.33,-0.57,9.55,-10.34,-30.82,22.29,1296,1310,1340,1254,1309,1499,1530,11478,700
67976,0,43.45,-31.18,-3.83,0.414,-0.123,0.656,0.00,0.00,-6.31,2.05,-49.76,33.23,-0.39,-0.46,9.58,-16.20,-28.14,19.15,1296,1310,1340,1254,1309,1498,1530,11495,700
67988,0,41.69,-32.28,-3.49,0.520,-0.042,0.597,0.00,0.00,-7.17,1.65,-48.86,33.94,-0.44,-0.35,9.63,-13.77,-24.03,18.35,1296,1310,1340,1254,1314,1498,1527,11466,700
68000,0,37.23,-32.18,-3.65,0.506,-0.035,0.560,0.00,0.00,-7.98,1.06,-45.21,33.24,-0.50,-0.26,9.70,-10.46,-6.63,18.83,1296,1310,1340,1254,1314,1498,1527,11466,700
68012,0,30.55,-42.28,-3.12,0.511,-0.073,0.502,0.00,0.00,-8.55,0.47,-39.10,42.76,-0.55,-0.17,9.79,-5.11,39.04,17.60,1296,1310,1340,1254,1314,1498,1527,11466,700
68024,0,29.87,-40.63,-1.83,0.624,-0.081,0.478,0.00,0.00,-9.16,-0.18,-39.03,40.45,-0.60,-0.08,9.87,-4.12,45.26,14.45,1360,1332,1322,1242,1313,1499,1528,11520,719
68036,0,30.52,-18.10,-1.55,0.571,-0.041,0.518,0.00,0.00,-9.96,-1.02,-40.48,17.08,-0.66,-0.01,9.94,-2.46,-42.63,13.81,1360,1332,1322,1242,1313,1499,1528,11499,719
68048,0,31.16,2.93,-1.52,0.382,0.057,0.692,0.00,0.00,-10.94,-1.99,-42.10,-4.92,-0.71,-0.01,10.04,-3.89,-51.43,13.85,1360,1332,1322,1242,1313,1499,1528,11503,719
68060,0,30.80,-13.63,-0.17,0.369,0.057,0.651,0.00,0.00,-11.84,-2.60,-42.63,11.03,-0.76,0.01,10.13,-6.57,23.46,10.55,1360,1332,1322,1242,1315,1499,1527,11478,719
68072,0,33.64,-29.11,-1.09,0.568,0.070,0.619,0.00,0.00,-12.58,-3.05,-46.23,26.06,-0.81,0.06,10.24,-15.08,34.85,12.96,1360,1332,1322,1242,1315,1499,1527,11474,719
68084,0,31.65,-29.82,-2.22,0.710,0.079,0.511,0.00,0.00,-13.26,-3.78,-44.91,26.04,-0.87,0.13,10.34,-9.05,1.74,15.89,1360,1332,1322,1242,1315,1499,1527,11462,719
68096,0,24.33,-3.51,-5.53,0.645,0.081,0.549,0.00,0.00,-13.89,-4.97,-38.23,-1.46,-0.92,0.15,10.50,5.65,-53.79,24.31,1360,1332,1322,1242,1315,1499,1527,11495,719
68108,0,17.19,11.42,-7.26,0.463,0.038,0.641,0.00,0.00,-14.46,-6.21,-31.65,-17.63,-0.97,0.13,10.67,21.03,-54.04,28.81,1360,1332,1322,1242,1318,1499,1524,11470,719
68120,0,16.76,24.06,-9.07,0.323,0.044,0.863,0.00,0.00,-15.04,-7.22,-31.80,-31.28,-1.03,0.08,10.89,22.38,-72.68,33.56,1316,1438,1250,1268,1312,1499,1530,11445,700
68132,0,19.66,31.46,-9.80,0.125,0.122,1.072,0.00,0.00,-15.69,-8.04,-35.36,-39.50,-1.08,0.02,11.12,15.71,-73.65,35.62,1316,1438,1250,1268,1312,1499,1530,11437,700
68144,0,17.27,22.35,-8.71,-0.126,0.106,1.153,0.00,0.00,-16.30,-8.47,-33.56,-30.82,-1.14,-0.05,11.39,16.57,-11.21,33.17,1316,1438,1250,1268,1312,1499,1530,11462,700
68156,0,15.50,-9.16,-6.01,-0.088,0.024,1.002,0.00,0.00,-16.84,-8.21,-32.33,0.95,-1.19,-0.08,11.62,16.13,64.10,26.64,1316,1438,1250,1268,1312,1498,1530,11462,700
68168,0,13.03,-32.75,-2.85,0.148,-0.032,0.871,0.00,0.00,-17.34,-7.73,-30.37,25.02,-1.24,-0.05,11.80,17.21,83.92,18.93,1316,1438,1250,1268,1311,1498,1530,11420,700
68180,0,14.64,-39.76,-2.63,0.400,-0.084,0.717,0.00,0.00,-17.89,-7.57,-32.53,32.19,-1.30,0.00,11.97,13.11,72.96,18.56,1316,1438,1250,1268,1311,1498,1530,11428,700
68192,0,23.83,-13.90,-5.08,0.352,-0.065,0.832,0.00,0.00,-18.48,-7.70,-42.31,6.21,-1.35,0.03,12.18,-8.59,-27.84,24.89,1316,1438,1250,1268,1311,1498,1530,11441,700
68204,0,30.66,-10.39,-5.73,0.242,-0.057,0.859,0.00,0.00,-19.08,-7.85,-49.74,2.55,-1.41,0.05,12.39,-24.58,-21.57,26.72,1316,1438,1250,1268,1313,1498,1528,11478,700
68216,0,32.86,-18.02,-6.29,0.206,-0.040,0.839,0.00,0.00,-19.60,-7.80,-52.47,10.22,-1.46,0.08,12.60,-32.16,-2.12,28.33,1315,1375,1307,1255,1313,1499,1528,11449,715
68228,0,30.76,-18.63,-6.93,0.208,-0.015,0.847,0.00,0.00,-20.01,-7.68,-50.77,10.95,-1.51,0.11,12.83,-29.73,-3.01,30.16,1315,1375,1307,1255,1313,1499,1528,11453,715
68240,0,27.84,-22.65,-7.43,0.274,0.021,0.853,0.00,0.00,-20.38,-7.61,-48.22,15.04,-1.56,0.14,13.08,-22.28,17.68,31.65,1315,1375,1307,1255,1312,1499,1530,11466,715
68252,0,26.28,-24.29,-7.74,0.406,0.079,0.775,0.00,0.00,-20.77,-7.64,-47.05,16.65,-1.61,0.17,13.34,-18.98,17.30,32.70,1315,1375,1307,1255,1312,1499,1530,11453,715
68264,0,19.35,-13.03,-8.94,0.463,0.075,0.695,0.00,0.00,-21.13,-7.98,-40.47,5.05,-1.67,0.20,13.62,-2.65,-24.89,35.96,1315,1375,1307,1255,1312,1498,1530,11528,715
68276,0,14.00,21.24,-10.95,0.218,0.085,0.884,0.00,0.00,-21.41,-8.49,-35.41,-29.73,-1.72,0.19,13.92,6.91,-110.00,41.29,1315,1375,1307,1255,1312,1498,1530,11512,715
68288,0,7.45,24.33,-12.57,0.064,0.040,1.016,0.00,0.00,-21.66,-8.93,-29.10,-33.26,-1.76,0.14,14.26,19.96,-81.09,45.68,1315,1375,1307,1255,1312,1498,1530,11495,715
68300,0,5.51,12.09,-12.77,0.007,0.009,1.095,0.00,0.00,-21.87,-9.02,-27.38,-21.11,-1.81,0.11,14.60,22.53,-35.38,46.53,1315,1375,1307,1255,1314,1498,1528,11499,715
68312,0,5.11,-1.60,-11.69,0.122,-0.023,1.015,0.00,0.00,-22.12,-8.93,-27.23,-7.33,-1.87,0.11,14.93,25.39,-18.71,44.15,1315,1375,1307,1255,1314,1498,1528,11470,715
68324,0,6.47,3.97,-11.83,0.154,-0.006,1.018,0.00,0.00,-22.40,-9.05,-28.87,-13.02,-1.92,0.09,15.26,23.09,-35.11,44.82,1283,1387,1327,1259,1317,1499,1525,11445,694
68336,0,8.35,12.49,-11.93,0.018,0.038,1.084,0.00,0.00,-22.70,-9.27,-31.05,-21.77,-1.97,0.05,15.59,15.07,-32.37,45.42,1283,1387,1327,1259,1317,1499,1525,11453,694
68348,0,5.28,17.51,-14.09,-0.215,0.040,1.256,0.00,0.00,-22.91,-9.22,-28.18,-26.73,-2.02,0.00,15.95,13.60,-43.86,51.16,1283,1387,1327,1259,1314,1499,1528,11491,694
68360,0,1.27,18.79,-14.39,-0.433,0.026,1.419,0.00,0.00,-22.99,-8.94,-24.27,-27.72,-2.06,-0.04,16.33,13.73,-47.76,52.30,1283,1387,1327,1259,1318,1499,1523,11462,694
68372,0,-2.17,-16.84,-11.32,-0.350,0.004,1.295,0.00,0.00,-23.03,-8.27,-20.86,8.56,-2.10,-0.05,16.69,17.25,68.78,45.00,1283,1387,1327,1259,1318,1499,1523,11453,694
68384,0,-5.19,-33.71,-8.91,-0.278,-0.037,1.156,0.00,0.00,-23.01,-7.17,-17.81,26.54,-2.13,-0.00,17.00,21.05,70.02,39.29,1283,1387,1327,1259,1313,1498,1528,11433,694
68396,0,-11.28,-30.33,-9.05,-0.167,-0.053,1.143,0.00,0.00,-22.90,-6.06,-11.62,24.27,-2.17,0.06,17.29,28.86,20.99,39.92,1283,1387,1327,1259,1313,1498,1528,11412,694
68408,0,-15.31,-33.29,-8.41,-0.070,-0.080,1.147,0.00,0.00,-22.76,-5.10,-7.45,28.19,-2.20,0.12,17.58,32.64,20.68,38.61,1283,1387,1327,1259,1318,1498,1523,11412,694
68420,0,-14.94,-36.68,-7.95,0.026,-0.101,1.088,0.00,0.00,-22.61,-4.30,-7.67,32.38,-2.23,0.18,17.86,26.26,39.76,37.75,1272,1364,1364,1272,1322,1498,1520,11437,743
68432,0,-10.33,-17.75,-7.16,-0.083,-0.086,1.190,0.00,0.00,-22.49,-3.63,-12.17,14.12,-2.26,0.23,18.14,10.11,-22.80,36.03,1272,1364,1364,1272,1322,1498,1520,11428,743
68444,0,-6.52,-16.87,-6.60,-0.147,-0.077,1.143,0.00,0.00,-22.37,-2.94,-15.85,13.93,-2.28,0.27,18.40,-4.33,-13.63,34.90,1272,1364,1364,1272,1322,1498,1520,11412,743
68456,0,-6.65,-4.04,-7.77,-0.255,-0.076,1.249,0.00,0.00,-22.07,-2.37,-15.42,1.67,-2.29,0.29,18.68,-15.14,-35.93,38.10,1272,1364,1364,1272,1322,1498,1520,11433,743
68468,0,-3.68,1.16,-8.54,-0.357,-0.013,1.345,0.00,0.00,-21.66,-1.87,-17.99,-3.03,-2.30,0.29,18.99,-28.18,-20.63,40.35,1272,1364,1364,1272,1314,1498,1527,11412,743
68480,0,-2.24,-9.20,-6.74,-0.399,0.045,1.353,0.00,0.00,-21.19,-1.09,-18.95,8.11,-2.31,0.31,19.25,-34.89,7.43,36.11,1272,1364,1364,1272,1313,1499,1528,11424,743
68492,0,-5.28,-24.94,-6.06,-0.302,0.088,1.280,0.00,0.00,-20.59,-0.03,-15.31,24.91,-2.31,0.36,19.49,-33.94,31.07,34.65,1272,1364,1364,1272,1313,1499,1528,11466,743
68504,0,-10.43,-32.38,-6.61,-0.128,0.093,1.189,0.00,0.00,-19.93,0.98,-9.50,33.36,-2.30,0.43,19.74,-25.42,39.09,36.27,1272,1364,1364,1272,1314,1499,1528,11470,743
68516,0,-10.68,-25.31,-7.07,-0.134,0.150,1.211,0.00,0.00,-19.24,1.78,-8.56,27.10,-2.30,0.48,20.01,-28.53,20.14,37.69,1325,1359,1343,1229,1314,1499,1528,11470,700
68528,0,-13.04,-17.77,-7.38,-0.131,0.184,1.190,0.00,0.00,-18.61,2.26,-5.56,20.04,-2.29,0.50,20.29,-23.49,37.36,38.73,1325,1359,1343,1229,1314,1499,1528,11449,700
68540,0,-17.34,-0.47,-8.13,-0.283,0.193,1.264,0.00,0.00,-17.94,2.75,-0.60,3.22,-2.28,0.51,20.55,-18.31,-16.60,40.89,1325,1359,1343,1229,1314,1498,1528,11453,700
68552,0,-19.59,6.12,-9.63,-0.357,0.177,1.342,0.00,0.00,-17.18,3.16,2.41,-2.96,-2.26,0.51,20.84,-20.85,-19.61,44.92,1325,1359,1343,1229,1314,1498,1528,11487,700
68564,0,-39.38,-8.24,-10.44,-0.370,0.150,1.261,0.00,0.00,-16.20,3.79,23.18,12.03,-2.23,0.53,21.13,9.80,22.68,47.24,1325,1359,1343,1229,1314,1498,1527,11458,700
68576,0,-35.40,-10.27,-9.47,-0.313,0.160,1.191,0.00,0.00,-15.20,4.64,20.20,14.91,-2.20,0.58,21.39,0.04,-7.19,45.07,1325,1359,1343,1229,1314,1498,1527,11441,700
68588,0,-36.68,-18.40,-9.46,-0.216,0.174,1.083,0.00,0.00,-14.21,5.57,22.47,23.97,-2.17,0.65,21.62,5.94,0.11,45.27,1325,1359,1343,1229,1314,1498,1527,11437,700
68600,0,-37.07,-23.67,-10.55,-0.081,0.142,1.043,0.00,0.00,-13.18,6.45,23.89,30.12,-2.14,0.73,21.87,9.03,2.32,48.25,1325,1359,1343,1229,1314,1498,1527,11433,700
68612,0,-34.23,-18.67,-10.37,0.025,0.140,0.984,0.00,0.00,-12.17,7.17,22.06,25.84,-2.11,0.81,22.09,6.92,-27.62,48.02,1325,1359,1343,1229,1314,1498,1527,11441,700
68624,0,-37.11,-22.90,-8.72,0.221,0.106,0.843,0.00,0.00,-11.13,7.63,25.97,30.53,-2.08,0.92,22.27,16.04,-29.73,44.08,1295,1245,1449,1267,1317,1499,1524,11441,721
68636,0,-39.47,-21.81,-8.01,0.397,0.091,0.765,0.00,0.00,-10.04,7.54,29.44,29.35,-2.05,1.01,22.46,20.92,-22.58,42.49,1295,1245,1449,1267,1317,1499,1524,11424,721
68648,0,-42.10,-14.97,-7.11,0.470,0.089,0.728,0.00,0.00,-9.02,7.01,33.08,21.98,-2.03,1.07,22.67,28.91,-13.11,40.44,1295,1245,1449,1267,1314,1499,1527,11462,721
68660,0,-41.06,5.49,-6.83,0.426,0.128,0.812,0.00,0.00,-8.16,6.20,32.91,0.71,-2.00,1.09,22.86,28.87,-49.69,39.94,1295,1245,1449,1267,1319,1499,1523,11462,721
68672,0,-42.95,19.10,-7.54,0.242,0.141,0.910,0.00,0.00,-7.36,5.33,35.59,-13.78,-1.97,1.08,23.06,34.37,-53.88,41.91,1295,1245,1449,1267,1319,1499,1523,11458,721
68684,0,-42.39,18.64,-9.07,0.109,0.146,1.014,0.00,0.00,-6.63,4.64,35.75,-14.01,-1.94,1.05,23.28,34.27,-14.84,45.96,1295,1245,1449,1267,1319,1499,1523,11445,721
68696,0,-41.35,24.51,-11.81,0.028,0.130,1.170,0.00,0.00,-5.95,4.12,35.40,-20.39,-1.91,1.01,23.53,33.53,-33.95,53.07,1295,1245,1449,1267,1319,1498,1523,11445,721
68708,0,-40.75,14.07,-11.34,0.042,0.146,1.135,0.00,0.00,-5.35,3.67,35.39,-10.40,-1.88,0.98,23.78,34.17,7.81,52.14,1295,1245,1449,1267,1319,1498,1523,11408,721
68720,0,-44.07,14.17,-9.83,-0.004,0.154,1.118,0.00,0.00,-4.84,3.40,39.23,-10.77,-1.86,0.96,23.98,42.27,-6.38,48.55,1311,1371,1339,1255,1314,1499,1527,11412,699
68732,0,-46.75,-3.22,-8.05,0.183,0.143,0.958,0.00,0.00,-4.40,3.27,42.35,6.49,-1.83,0.98,24.14,46.53,14.61,44.26,1311,1371,1339,1255,1314,1499,1527,11395,699
68744,0,-46.65,7.01,-7.88,0.329,0.148,0.907,0.00,0.00,-3.89,2.81,42.76,-4.21,-1.79,1.00,24.31,41.16,-37.87,44.01,1311,1371,1339,1255,1314,1499,1527,11395,699
68756,0,-47.67,24.93,-7.88,0.303,0.145,0.937,0.00,0.00,-3.36,2.06,44.31,-22.87,-1.76,1.00,24.50,40.74,-98.77,44.21,1311,1371,1339,1255,1314,1499,1527,11399,699
68768,0,-48.38,20.81,-7.79,0.350,0.149,0.856,0.00,0.00,-2.76,1.16,45.62,-19.65,-1.72,0.99,24.69,38.99,-67.17,44.15,1311,1371,1339,1255,1314,1499,1528,11408,699
68780,0,-50.99,34.67,-9.39,0.315,0.157,0.901,0.00,0.00,-2.07,0.10,48.92,-34.57,-1.68,0.95,24.91,41.65,-100.66,48.37,1311,1371,1339,1255,1316,1499,1526,11378,699
68792,0,-56.36,35.97,-10.07,0.276,0.189,0.950,0.00,0.00,-1.30,-1.02,55.06,-37.00,-1.63,0.90,25.15,49.91,-81.19,50.34,1311,1371,1339,1255,1316,1499,1526,11395,699
68804,0,-62.71,38.06,-10.59,0.209,0.190,1.041,0.00,0.00,-0.47,-2.15,62.24,-40.21,-1.58,0.83,25.42,60.79,-60.72,51.90,1311,1371,1339,1255,1311,1498,1529,11412,699
68816,0,-68.44,31.34,-9.79,0.206,0.179,1.030,0.00,0.00,0.34,-3.15,68.78,-34.50,-1.53,0.76,25.68,71.35,-31.90,50.15,1159,1321,1401,1363,1311,1498,1529,11412,713
68828,0,-73.44,36.94,-9.80,0.201,0.132,1.021,0.00,0.00,1.17,-4.15,74.62,-41.09,-1.47,0.69,25.92,78.65,-59.70,50.41,1159,1321,1401,1363,1316,1498,1526,11395,713
68840,0,-72.77,42.29,-11.10,0.206,0.111,1.033,0.00,0.00,2.09,-5.27,74.86,-47.57,-1.41,0.60,26.19,68.90,-72.71,53.95,1159,1321,1401,1363,1317,1498,1526,11445,713
68852,0,-70.60,43.12,-11.52,0.206,0.090,0.993,0.00,0.00,3.06,-6.47,73.66,-49.59,-1.34,0.50,26.49,58.14,-66.34,55.30,1159,1321,1401,1363,1317,1498,1526,11428,713
68864,0,-66.17,36.92,-11.23,0.252,0.123,0.898,0.00,0.00,3.97,-7.71,70.14,-44.62,-1.28,0.41,26.79,46.19,-46.00,54.86,1159,1321,1401,1363,1318,1498,1524,11462,713
68876,0,-65.94,33.16,-11.31,0.281,0.149,0.803,0.00,0.00,4.92,-9.09,70.85,-42.25,-1.21,0.29,27.10,42.66,5.63,55.37,1159,1321,1401,1363,1318,1498,1524,11428,713
68888,0,-65.53,38.29,-13.06,0.249,0.181,0.852,0.00,0.00,5.95,-10.37,71.47,-48.66,-1.13,0.17,27.45,40.12,-7.31,60.10,1159,1321,1401,1363,1318,1498,1524,11399,713
68900,0,-67.67,51.81,-14.12,0.179,0.195,0.958,0.00,0.00,7.07,-11.58,74.74,-63.39,-1.06,0.04,27.82,44.21,-61.68,63.13,1159,1321,1401,1363,1318,1498,1524,11403,713
68912,0,-69.98,59.61,-14.71,0.090,0.158,1.065,0.00,0.00,8.19,-12.81,78.17,-72.42,-0.98,-0.10,28.23,53.68,-81.37,65.01,1159,1321,1401,1363,1318,1498,1524,11399,713
68924,0,-65.61,57.09,-14.20,-0.038,0.143,1.206,0.00,0.00,9.18,-13.90,74.79,-70.99,-0.91,-0.25,28.67,52.80,-53.28,64.17,1233,1385,1385,1269,1314,1498,1527,11412,699
68936,0,-54.88,37.87,-12.85,-0.051,0.171,1.224,0.00,0.00,10.00,-14.62,64.88,-52.49,-0.85,-0.39,29.07,38.33,4.09,61.18,1233,1385,1385,1269,1314,1498,1527,11399,699
68948,0,-41.49,21.67,-12.56,0.029,0.151,1.141,0.00,0.00,10.72,-15.00,52.20,-36.68,-0.79,-0.49,29.45,14.61,17.21,60.84,1233,1385,1385,1269,1314,1498,1527,11412,699
68960,0,-29.90,11.75,-12.68,0.202,0.106,1.004,0.00,0.00,11.44,-15.38,41.34,-27.13,-0.73,-0.57,29.83,-10.33,13.71,61.52,1233,1385,1385,1269,1314,1498,1527,11462,699
68972,0,-21.74,6.21,-13.10,0.308,0.041,0.896,0.00,0.00,12.15,-16.03,33.89,-22.24,-0.67,-0.66,30.24,-27.18,43.61,63.00,1233,1385,1385,1269,1314,1498,1527,11449,699
68984,0,-17.17,10.77,-14.08,0.356,-0.002,0.899,0.00,0.00,12.81,-16.87,29.98,-27.63,-0.61,-0.76,30.68,-33.52,49.02,65.87,1233,1385,1385,1269,1317,1498,1525,11433,699
68996,0,-15.42,-0.08,-13.98,0.426,-0.005,0.808,0.00,0.00,13.39,-17.58,28.81,-17.50,-0.55,-0.83,31.10,-32.20,53.92,66.04,1233,1385,1385,1269,1317,1498,1525,11420,699
69008,0,-20.10,4.28,-13.14,0.387,-0.002,0.748,0.00,0.00,13.95,-18.35,34.05,-22.63,-0.49,-0.89,31.49,-20.01,5.97,64.33,1233,1385,1385,1269,1315,1498,1526,11408,699
69020,0,-30.64,-8.64,-13.29,0.443,-0.021,0.642,0.00,0.00,14.54,-19.22,45.18,-10.58,-0.44,-0.93,31.89,3.60,36.42,65.12,1180,1376,1394,1310,1321,1499,1526,11395,733
69032,0,-37.50,2.55,-15.26,0.492,-0.028,0.649,0.00,0.00,15.11,-20.23,52.61,-22.78,-0.38,-0.98,32.32,19.91,-9.15,70.47,1180,1376,1394,1310,1321,1499,1526,11395,733
69044,0,-38.31,7.49,-15.49,0.531,-0.071,0.606,0.00,0.00,15.60,-21.36,53.90,-28.86,-0.32,-1.04,32.78,28.95,-31.48,71.50,1180,1376,1394,1310,1315,1499,1526,11378,733
69056,0,-38.62,18.38,-16.60,0.449,-0.051,0.613,0.00,0.00,16.01,-22.49,54.63,-40.88,-0.27,-1.09,33.25,35.02,-89.29,74.75,1180,1376,1394,1310,1315,1499,1526,11387,733
69068,0,-35.74,32.09,-17.98,0.338,0.027,0.746,0.00,0.00,16.28,-23.49,52.02,-55.58,-0.23,-1.18,33.75,35.70,-110.00,78.71,1180,1376,1394,1310,1315,1499,1527,11395,733
69080,0,-29.28,29.37,-17.85,0.289,0.122,0.814,0.00,0.00,16.45,-24.29,45.74,-53.66,-0.18,-1.27,34.26,27.91,-79.69,78.88,1180,1376,1394,1310,1315,1499,1527,11378,733
69092,0,-22.44,19.06,-17.76,0.313,0.167,0.870,0.00,0.00,16.58,-24.87,39.02,-43.93,-0.14,-1.37,34.78,17.62,-39.84,79.17,1180,1376,1394,1310,1315,1499,1527,11370,733
69104,0,-14.26,19.68,-18.02,0.199,0.186,0.956,0.00,0.00,16.73,-25.13,30.99,-44.81,-0.10,-1.44,35.28,3.12,-72.39,80.33,1180,1376,1394,1310,1315,1498,1526,11370,733
69116,0,-10.57,15.96,-16.22,0.070,0.172,1.013,0.00,0.00,16.98,-25.31,27.55,-41.27,-0.05,-1.53,35.78,-8.04,-46.27,76.33,1201,1445,1337,1277,1315,1498,1526,11374,699
69128,0,-10.46,37.86,-15.37,-0.178,0.110,1.187,0.00,0.00,17.22,-25.87,27.68,-63.73,-0.00,-1.70,36.34,-10.27,-43.14,74.75,1201,1445,1337,1277,1315,1498,1526,11341,699
69140,0,-14.33,57.56,-17.34,-0.495,0.058,1.516,0.00,0.00,17.50,-26.53,31.83,-84.08,0.05,-1.90,36.92,-7.47,-56.52,80.28,1201,1445,1337,1277,1316,1498,1526,11320,699
69152,0,-17.98,33.46,-17.54,-0.551,0.008,1.537,0.00,0.00,17.83,-26.75,35.81,-60.21,0.10,-2.07,37.51,-3.73,18.23,81.36,1201,1445,1337,1277,1316,1498,1526,11329,699
69164,0,-21.90,39.44,-18.50,-0.589,0.056,1.597,0.00,0.00,18.14,-27.05,40.04,-66.50,0.15,-2.25,38.09,2.59,2.36,84.34,1201,1445,1337,1277,1315,1498,1527,11370,699
69176,0,-33.58,32.95,-18.55,-0.484,0.081,1.578,0.00,0.00,18.56,-27.07,52.13,-60.01,0.21,-2.38,38.61,23.45,-17.60,84.98,1201,1445,1337,1277,1315,1497,1527,11366,699
69188,0,-46.45,11.14,-17.85,-0.175,0.028,1.269,0.00,0.00,19.03,-27.03,65.49,-38.17,0.27,-2.50,39.12,49.62,40.53,83.74,1201,1445,1337,1277,1303,1497,1538,11383,699
69200,0,-45.48,32.81,-18.80,-0.222,0.048,1.359,0.00,0.00,19.63,-26.88,65.11,-59.69,0.34,-2.60,39.63,40.76,-96.77,86.62,1201,1445,1337,1277,1303,1497,1538,11416,699
69212,0,-37.19,8.62,-16.01,-0.004,0.115,1.180,0.00,0.00,20.03,-26.75,57.22,-35.37,0.40,-2.68,40.15,27.67,-14.47,80.19,1201,1445,1337,1277,1303,1497,1538,11416,699
69224,0,-29.50,10.00,-15.94,-0.001,0.212,1.199,0.00,0.00,20.45,-26.57,49.95,-36.57,0.46,-2.77,40.64,10.05,-22.54,80.49,1182,1350,1420,1260,1317,1498,1525,11412,714
69236,0,-41.49,-36.49,-13.97,0.099,0.114,0.913,0.00,0.00,21.12,-25.55,62.61,10.93,0.53,-2.75,41.11,29.26,55.17,76.04,1182,1350,1420,1260,1317,1499,1525,11412,714
69248,0,-34.22,-32.44,-15.22,0.207,0.111,0.839,0.00,0.00,21.78,-24.78,56.00,7.66,0.60,-2.75,41.62,13.18,19.15,79.67,1182,1350,1420,1260,1318,1499,1524,11433,714
69260,0,-24.58,-17.97,-15.59,0.055,0.077,1.000,0.00,0.00,22.26,-24.11,46.83,-6.14,0.67,-2.76,42.11,-3.52,-24.26,81.09,1182,1350,1420,1260,1318,1499,1524,11420,714
69272,0,-27.03,-31.21,-14.87,0.061,-0.043,0.851,0.00,0.00,22.72,-23.58,49.75,7.62,0.73,-2.77,42.61,2.86,46.20,79.79,1182,1350,1420,1260,1318,1499,1524,11437,714
69284,0,-27.59,0.04,-18.51,-0.137,-0.043,1.102,0.00,0.00,23.17,-23.36,50.76,-23.40,0.80,-2.84,43.15,5.43,-16.73,89.43,1182,1350,1420,1260,1316,1498,1525,11428,714
69296,0,-23.11,12.03,-18.24,-0.117,-0.003,1.173,0.00,0.00,23.51,-23.40,46.62,-35.43,0.86,-2.93,43.67,4.19,-16.21,89.26,1182,1350,1420,1260,1316,1498,1525,11416,714
69308,0,-29.26,-15.14,-16.62,0.167,0.028,0.875,0.00,0.00,23.82,-23.24,53.09,-8.10,0.91,-2.95,44.14,26.79,24.24,85.69,1182,1350,1420,1260,1316,1498,1525,11420,714
69320,0,-29.40,-2.30,-15.16,0.220,0.087,0.869,0.00,0.00,23.98,-23.14,53.38,-20.83,0.96,-2.97,44.56,35.98,-59.20,82.45,1237,1443,1349,1235,1310,1498,1532,11420,700
69332,0,-16.05,14.36,-14.22,0.194,0.076,0.968,0.00,0.00,24.11,-23.13,40.16,-37.49,1.01,-3.01,45.00,10.04,-101.39,80.56,1237,1443,1349,1235,1310,1498,1532,11437,700
69344,0,-9.10,-14.46,-12.84,0.381,0.005,0.780,0.00,0.00,24.39,-22.98,33.49,-8.52,1.06,-3.02,45.41,-7.47,-14.48,77.52,1237,1443,1349,1235,1316,1499,1525,11391,700
69356,0,3.38,-1.58,-12.72,0.365,0.039,0.835,0.00,0.00,24.61,-23.09,21.23,-21.51,1.12,-3.07,45.81,-36.52,-30.39,77.62,1237,1443,1349,1235,1316,1499,1525,11395,700
69368,0,-2.43,-22.45,-13.87,0.419,-0.039,0.816,0.00,0.00,24.93,-23.30,27.36,-0.85,1.17,-3.12,46.22,-26.79,65.82,80.90,1237,1443,1349,1235,1314,1499,1527,11403,700
69380,0,-11.32,-48.06,-13.45,0.282,-0.070,0.786,0.00,0.00,25.22,-23.25,36.54,24.81,1.23,-3.12,46.61,-7.81,110.00,80.22,1237,1443,1349,1235,1317,1499,1525,11428,700
69392,0,-13.37,8.43,-15.08,-0.135,-0.086,1.149,0.00,0.00,25.37,-23.40,38.74,-31.83,1.28,-3.21,47.05,-0.83,-27.28,84.75,1237,1443,1349,1235,1317,1499,1525,11420,700
69404,0,-22.24,16.59,-15.14,-0.223,-0.168,1.211,0.00,0.00,25.57,-23.58,47.82,-40.17,1.33,-3.32,47.49,20.16,-5.45,85.33,1237,1443,1349,1235,1314,1499,1527,11420,700
69416,0,-26.85,9.34,-13.26,-0.197,-0.106,1.111,0.00,0.00,25.84,-23.35,52.69,-32.69,1.38,-3.39,47.87,29.69,-20.73,81.01,1184,1386,1404,1282,1314,1498,1527,11395,720
69428,0,-21.45,12.69,-13.73,-0.128,0.049,1.185,0.00,0.00,25.91,-23.04,47.36,-35.73,1.43,-3.45,48.25,22.61,-45.69,82.57,1184,1386,1404,1282,1317,1498,1525,11387,720
69440,0,-16.41,-6.22,-12.66,0.049,0.109,1.033,0.00,0.00,25.88,-22.38,42.29,-16.16,1.48,-3.46,48.59,16.45,-35.59,80.24,1184,1386,1404,1282,1317,1499,1524,11387,720
69452,0,-11.99,-6.29,-10.65,0.015,0.088,1.044,0.00,0.00,25.93,-21.76,37.92,-15.47,1.53,-3.48,48.94,1.06,-51.05,75.56,1184,1386,1404,1282,1317,1499,1524,11387,720
69464,0,-17.27,17.38,-12.12,-0.078,0.021,1.249,0.00,0.00,26.06,-21.75,43.33,-39.12,1.59,-3.57,49.35,7.81,-52.66,79.66,1184,1386,1404,1282,1317,1498,1524,11395,720
69476,0,-23.16,-23.06,-10.94,0.043,-0.040,1.028,0.00,0.00,26.29,-21.43,49.45,1.63,1.65,-3.61,49.73,14.78,86.61,77.08,1184,1386,1404,1282,1317,1499,1524,11374,720
69488,0,-29.40,-27.71,-12.14,0.047,-0.036,0.943,0.00,0.00,26.48,-21.15,55.88,6.56,1.71,-3.64,50.11,26.20,76.91,80.46,1184,1386,1404,1282,1317,1499,1524,11354,720
69500,0,-29.94,2.89,-16.60,-0.073,-0.012,1.151,0.00,0.00,26.58,-21.06,56.52,-23.95,1.76,-3.70,50.53,31.41,-18.23,92.02,1184,1386,1404,1282,1316,1499,1525,11374,720
69512,0,-35.13,3.52,-16.19,-0.131,-0.010,1.173,0.00,0.00,26.80,-20.81,61.93,-24.34,1.82,-3.73,50.96,43.75,-45.65,91.43,1184,1386,1404,1282,1316,1499,1525,11370,720
69524,0,-35.39,13.52,-12.57,-0.207,0.097,1.223,0.00,0.00,26.94,-20.56,62.33,-34.07,1.88,-3.79,51.38,49.64,-60.05,82.81,1254,1382,1420,1208,1315,1499,1525,11374,695
69536,0,-23.85,14.64,-10.64,-0.099,0.157,1.228,0.00,0.00,27.03,-20.30,50.88,-34.94,1.93,-3.85,51.74,28.88,-50.07,78.33,1254,1382,1420,1208,1315,1498,1525,11358,695
69548,0,-21.55,-41.68,-8.16,0.197,0.103,0.932,0.00,0.00,27.26,-19.17,48.81,22.51,1.99,-3.79,52.03,19.52,29.48,72.42,1254,1382,1420,1208,1315,1498,1525,11358,695
69560,0,-11.32,-38.75,-9.15,0.218,0.087,0.901,0.00,0.00,27.41,-18.27,38.73,20.48,2.04,-3.74,52.35,-2.41,4.26,75.24,1254,1382,1420,1208,1318,1498,1524,11378,695
69572,0,-5.21,-28.61,-8.98,0.103,0.058,1.004,0.00,0.00,27.53,-17.50,32.73,11.11,2.10,-3.72,52.64,-17.24,-15.87,75.09,1254,1382,1420,1208,1318,1498,1524,11362,695
69584,0,-15.08,-47.62,-9.27,0.042,-0.003,0.993,0.00,0.00,27.78,-16.71,42.86,30.91,2.16,-3.68,52.93,-0.07,68.66,76.09,1254,1382,1420,1208,1318,1498,1523,11378,695
69596,0,-23.42,-37.61,-8.04,-0.029,0.002,0.989,0.00,0.00,28.09,-16.04,51.51,21.57,2.22,-3.66,53.20,14.76,56.15,73.30,1254,1382,1420,1208,1318,1498,1523,11374,695
69608,0,-29.13,-38.97,-9.41,0.144,-0.019,0.885,0.00,0.00,28.32,-15.51,57.46,23.47,2.28,-3.63,53.47,30.90,56.53,77.00,1254,1382,1420,1208,1318,1498,1523,11408,695
69620,0,-28.21,-21.06,-11.75,0.042,-0.081,0.916,0.00,0.00,28.56,-14.86,56.77,6.20,2.34,-3.57,53.75,33.46,-72.02,83.13,1251,1363,1421,1237,1317,1498,1524,11408,715
69632,0,-20.20,6.80,-11.72,-0.113,-0.027,1.075,0.00,0.00,28.68,-14.46,48.88,-21.26,2.39,-3.58,54.08,21.08,-104.29,83.38,1251,1363,1421,1237,1317,1498,1524,11403,715
69644,0,-8.39,10.70,-11.03,-0.107,0.034,1.129,0.00,0.00,28.69,-14.15,37.08,-24.85,2.44,-3.62,54.37,1.96,-60.87,81.94,1251,1363,1421,1237,1311,1499,1530,11362,715
69656,0,-1.43,-29.45,-9.10,0.177,0.051,0.959,0.00,0.00,28.75,-13.47,30.17,15.98,2.49,-3.58,54.62,-10.45,37.53,77.37,1251,1363,1421,1237,1311,1499,1530,11345,715
69668,0,6.02,-38.91,-7.57,0.208,0.087,0.885,0.00,0.00,28.65,-12.72,22.63,26.19,2.53,-3.53,54.85,-18.33,22.53,73.77,1251,1363,1421,1237,1317,1499,1524,11358,715
69680,0,14.29,-22.27,-6.46,0.030,0.028,1.054,0.00,0.00,28.42,-12.16,14.13,10.12,2.57,-3.51,55.09,-30.70,-7.58,71.23,1251,1363,1421,1237,1317,1498,1524,11374,715
69692,0,6.99,-11.10,-7.58,-0.042,-0.117,1.168,0.00,0.00,28.30,-11.98,21.31,-0.89,2.61,-3.54,55.38,-13.85,21.71,74.33,1251,1363,1421,1237,1317,1498,1524,11362,715
69704,0,-2.53,-18.39,-6.35,-0.157,-0.144,1.155,0.00,0.00,28.21,-11.66,30.73,6.73,2.65,-3.56,55.63,6.47,54.61,71.52,1251,1363,1421,1237,1317,1498,1524,11358,715
69716,0,-6.45,-14.95,-8.27,-0.152,-0.127,1.193,0.00,0.00,27.92,-11.32,34.38,3.63,2.68,-3.57,55.88,21.67,33.71,76.55,1253,1339,1447,1229,1317,1498,1524,11341,692
69728,0,-4.17,-12.19,-9.12,-0.175,-0.118,1.202,0.00,0.00,27.44,-10.91,31.61,1.28,2.70,-3.58,56.12,28.42,17.76,78.91,1253,1339,1447,1229,1316,1498,1525,11349,692
69740,0,-3.61,-24.18,-9.13,-0.102,-0.088,1.112,0.00,0.00,27.02,-9.96,30.63,14.22,2.72,-3.51,56.33,31.02,-16.94,79.15,1253,1339,1447,1229,1316,1498,1525,11366,692
69752,0,-6.05,-9.06,-7.74,-0.146,0.034,1.171,0.00,0.00,26.52,-9.02,32.57,0.04,2.74,-3.45,56.53,43.52,-94.22,75.88,1253,1339,1447,1229,1316,1498,1525,11403,692
69764,0,-0.18,-8.93,-6.15,-0.041,0.136,1.214,0.00,0.00,25.94,-8.41,26.12,0.53,2.76,-3.43,56.74,36.53,-42.31,72.13,1253,1339,1447,1229,1317,1498,1524,11387,692
69776,0,6.73,-50.44,-3.59,0.282,0.101,0.926,0.00,0.00,25.39,-7.52,18.66,42.93,2.77,-3.35,56.91,23.26,71.00,65.89,1253,1339,1447,1229,1317,1499,1524,11358,692
69788,0,17.15,-63.19,-3.89,0.307,0.052,0.811,0.00,0.00,24.90,-6.28,7.75,56.91,2.79,-3.20,57.05,1.61,19.64,66.78,1253,1339,1447,1229,1318,1499,1523,11354,692
69800,0,28.99,-38.08,-4.86,0.128,0.014,0.982,0.00,0.00,24.44,-5.44,-4.55,32.64,2.80,-3.12,57.24,-25.93,-31.81,69.39,1253,1339,1447,1229,1318,1499,1523,11383,692
69812,0,35.63,-18.52,-6.40,0.034,0.027,1.157,0.00,0.00,23.88,-5.01,-11.76,13.52,2.81,-3.09,57.45,-38.30,-16.95,73.46,1253,1339,1447,1229,1318,1499,1523,11403,692
69824,0,33.02,-35.32,-4.36,0.122,-0.006,1.025,0.00,0.00,23.38,-4.53,-9.64,30.79,2.82,-3.05,57.60,-34.32,58.16,68.51,1176,1372,1406,1318,1318,1499,1523,11370,691
69836,0,26.60,-67.04,-3.89,0.255,-0.081,0.840,0.00,0.00,22.96,-3.85,-3.64,63.19,2.83,-2.95,57.75,-22.20,110.00,67.48,1176,1372,1406,1318,1318,1498,1523,11349,691
69848,0,22.74,-31.70,-5.23,0.070,-0.172,0.990,0.00,0.00,22.57,-3.31,-0.16,28.39,2.84,-2.88,57.91,-15.78,-9.80,70.98,1176,1372,1406,1318,1315,1498,1526,11374,691
69860,0,17.46,-8.22,-4.65,-0.154,-0.207,1.117,0.00,0.00,22.20,-3.06,4.74,5.16,2.85,-2.87,58.09,-8.92,-26.92,69.71,1176,1372,1406,1318,1315,1498,1526,11391,691
69872,0,12.14,1.57,-5.77,-0.242,-0.201,1.275,0.00,0.00,21.78,-2.93,9.64,-4.50,2.87,-2.88,58.29,-0.04,-8.79,72.72,1176,1372,1406,1318,1315,1498,1526,11408,691
69884,0,7.80,-15.71,-5.49,-0.129,-0.120,1.156,0.00,0.00,21.22,-2.54,13.42,13.17,2.87,-2.87,58.45,13.47,37.63,72.16,1176,1372,1406,1318,1319,1498,1522,11420,691
69896,0,4.18,-9.36,-7.54,-0.092,-0.071,1.161,0.00,0.00,20.51,-2.08,16.34,7.28,2.88,-2.83,58.62,28.50,-23.93,77.48,1176,1372,1406,1318,1319,1498,1522,11399,691
69908,0,6.95,8.98,-6.38,-0.353,-0.086,1.416,0.00,0.00,19.86,-1.82,12.92,-10.80,2.88,-2.83,58.80,25.22,-50.44,74.76,1176,1372,1406,1318,1319,1498,1522,11374,691
69920,0,-0.47,-11.21,-4.25,-0.222,-0.089,1.232,0.00,0.00,19.22,-1.30,19.70,9.91,2.88,-2.81,58.96,42.54,15.80,69.57,1230,1376,1414,1256,1319,1498,1522,11395,702
69932,0,-0.91,-3.95,-5.99,-0.193,-0.079,1.209,0.00,0.00,18.71,-0.71,19.62,3.25,2.88,-2.77,59.12,40.90,-36.00,74.10,1230,1376,1414,1256,1319,1498,1522,11374,702
69944,0,1.71,-19.90,-5.00,-0.028,-0.008,1.012,0.00,0.00,18.23,-0.02,16.52,19.88,2.88,-2.71,59.25,34.82,-4.70,71.75,1230,1376,1414,1256,1320,1498,1521,11374,702
69956,0,10.77,-36.86,-3.28,0.156,0.093,0.820,0.00,0.00,17.54,0.62,6.76,37.47,2.88,-2.63,59.33,22.47,34.77,67.52,1230,1376,1414,1256,1320,1498,1521,11378,702
69968,0,18.58,-25.64,-4.54,0.268,0.137,0.810,0.00,0.00,16.74,1.13,-1.84,26.77,2.87,-2.53,59.39,13.47,-44.18,70.74,1230,1376,1414,1256,1316,1498,1525,11374,702
69980,0,25.38,-15.32,-3.30,0.233,0.109,0.870,0.00,0.00,16.04,1.33,-9.34,16.65,2.86,-2.46,59.46,2.14,-66.91,67.71,1230,1376,1414,1256,1315,1498,1526,11383,702
69992,0,26.30,-22.17,-1.65,0.393,0.035,0.712,0.00,0.00,15.49,1.18,-10.81,23.35,2.85,-2.41,59.55,0.63,9.31,63.69,1230,1376,1414,1256,1315,1498,1526,11358,702
70004,0,31.83,-24.65,0.21,0.466,0.047,0.592,0.00,0.00,15.00,0.74,-16.83,25.39,2.84,-2.37,59.61,-11.45,37.83,59.09,1230,1376,1414,1256,1315,1499,1526,11345,702
70016,0,43.51,-31.14,-0.76,0.566,0.053,0.538,0.00,0.00,14.33,0.10,-29.18,31.24,2.82,-2.32,59.65,-31.97,51.11,61.55,1336,1356,1396,1172,1315,1498,1526,11358,702
70028,0,53.88,-14.46,-2.15,0.479,0.045,0.635,0.00,0.00,13.35,-0.71,-40.53,13.75,2.80,-2.29,59.72,-43.66,-9.77,65.09,1336,1356,1396,1172,1315,1498,1526,11362,702
70040,0,58.42,13.13,-2.60,0.282,-0.036,0.848,0.00,0.00,12.36,-1.64,-46.06,-14.77,2.76,-2.31,59.81,-50.28,-49.66,66.31,1336,1356,1396,1172,1317,1498,1524,11345,702
70052,0,57.78,10.43,-1.99,0.324,-0.103,0.817,0.00,0.00,11.48,-2.67,-46.31,-13.10,2.73,-2.37,59.91,-49.07,15.68,64.88,1336,1356,1396,1172,1317,1498,1524,11337,702
70064,0,53.24,6.97,-0.93,0.375,-0.099,0.764,0.00,0.00,10.63,-3.68,-42.61,-10.65,2.70,-2.41,59.98,-37.87,20.31,62.31,1336,1356,1396,1172,1319,1498,1522,11341,702
70076,0,46.17,-7.96,0.51,0.426,-0.092,0.651,0.00,0.00,9.81,-4.58,-36.35,3.38,2.67,-2.41,60.01,-20.23,30.26,58.73,1336,1356,1396,1172,1319,1499,1522,11329,702
70088,0,37.05,-10.63,0.52,0.426,-0.113,0.614,0.00,0.00,9.00,-5.54,-28.05,5.09,2.63,-2.40,60.05,-1.10,25.37,58.75,1336,1356,1396,1172,1319,1499,1522,11391,702
70100,0,33.57,14.06,-2.17,0.223,-0.131,0.838,0.00,0.00,8.11,-6.38,-25.46,-20.44,2.60,-2.45,60.13,3.57,-30.45,65.56,1336,1356,1396,1172,1319,1499,1522,11374,702
70112,0,31.87,29.05,-3.55,0.009,-0.150,1.076,0.00,0.00,7.22,-7.08,-24.65,-36.13,2.56,-2.52,60.21,4.14,-54.12,69.08,1336,1356,1396,1172,1319,1499,1522,11387,702
70124,0,34.61,15.22,-2.58,0.092,-0.154,1.004,0.00,0.00,6.30,-7.72,-28.30,-22.95,2.52,-2.59,60.27,0.54,20.44,66.72,1280,1446,1316,1234,1319,1498,1522,11362,692
70136,0,35.65,4.15,-0.96,0.275,-0.108,0.850,0.00,0.00,5.47,-8.29,-30.18,-12.45,2.48,-2.63,60.30,-0.80,20.07,62.69,1280,1446,1316,1234,1319,1498,1522,11349,692
70148,0,30.95,-5.87,-0.80,0.329,-0.089,0.822,0.00,0.00,4.76,-8.73,-26.19,-2.86,2.44,-2.62,60.29,8.42,-3.41,62.28,1280,1446,1316,1234,1318,1498,1523,11341,692
70160,0,27.77,-10.85,-1.04,0.316,-0.071,0.774,0.00,0.00,3.99,-9.12,-23.79,1.72,2.40,-2.61,60.30,19.65,-1.66,62.90,1280,1446,1316,1234,1318,1499,1523,11354,692
70172,0,31.03,20.86,-3.33,0.033,-0.034,1.027,0.00,0.00,3.13,-9.37,-27.90,-30.23,2.35,-2.64,60.35,15.83,-105.50,68.68,1280,1446,1316,1234,1318,1499,1523,11358,692
70184,0,35.87,41.44,-3.92,-0.229,-0.030,1.227,0.00,0.00,2.21,-9.65,-33.66,-51.09,2.31,-2.72,60.40,8.17,-110.00,70.20,1280,1446,1316,1234,1318,1499,1523,11358,692
70196,0,38.58,23.21,-2.35,-0.162,-0.030,1.163,0.00,0.00,1.25,-9.87,-37.34,-33.08,2.26,-2.80,60.43,5.23,-12.47,66.30,1280,1446,1316,1234,1318,1499,1523,11329,692
70208,0,43.48,20.02,-1.48,-0.096,-0.015,1.203,0.00,0.00,0.34,-9.95,-43.14,-29.97,2.20,-2.87,60.43,-5.52,-21.10,64.12,1280,1446,1316,1234,1318,1499,1523,11345,692
70220,0,48.01,-12.85,2.72,0.061,-0.005,1.017,0.00,0.00,-0.55,-9.65,-48.56,3.20,2.15,-2.87,60.37,-13.44,41.68,53.56,1367,1333,1413,1159,1320,1498,1522,11329,692
70232,0,54.03,-36.73,5.08,0.240,0.008,0.796,0.00,0.00,-1.46,-9.31,-55.49,27.42,2.09,-2.84,60.28,-25.09,83.47,47.58,1367,1333,1413,1159,1320,1498,1522,11329,692
70244,0,59.68,-30.66,4.23,0.210,0.060,0.828,0.00,0.00,-2.49,-8.83,-62.17,21.83,2.03,-2.79,60.18,-36.16,28.21,49.62,1367,1333,1413,1159,1320,1499,1522,11333,692
70256,0,60.89,-25.68,3.53,0.180,0.058,0.909,0.00,0.00,-3.56,-8.43,-64.45,17.25,1.97,-2.75,60.07,-40.07,-6.89,51.25,1367,1333,1413,1159,1320,1499,1522,11337,692
70268,0,68.38,-21.95,4.00,0.184,0.067,0.958,0.00,0.00,-4.71,-8.32,-73.09,13.63,1.91,-2.74,59.98,-54.14,29.32,49.97,1367,1333,1413,1159,1320,1499,1522,11345,692
70280,0,72.51,-4.52,3.75,0.154,0.052,1.070,0.00,0.00,-5.91,-8.33,-78.42,-3.81,1.84,-2.75,59.87,-60.67,-17.15,50.49,1367,1333,1413,1159,1321,1499,1522,11341,692
70292,0,68.62,0.72,5.97,0.128,-0.049,1.119,0.00,0.00,-7.00,-8.48,-75.62,-9.20,1.77,-2.78,59.74,-53.75,-12.39,44.80,1367,1333,1413,1159,1321,1499,1522,11324,692
70304,0,62.54,-18.20,9.40,0.290,-0.099,0.867,0.00,0.00,-7.98,-8.66,-70.52,9.54,1.70,-2.77,59.57,-41.72,41.12,36.06,1367,1333,1413,1159,1320,1499,1521,11312,692
70316,0,60.99,-10.51,9.11,0.286,-0.140,0.834,0.00,0.00,-8.93,-9.03,-69.92,1.49,1.63,-2.78,59.42,-37.16,16.26,36.64,1337,1377,1335,1231,1320,1499,1521,11291,699
70328,0,66.78,-11.48,7.56,0.340,-0.195,0.775,0.00,0.00,-9.88,-9.27,-76.66,2.21,1.55,-2.78,59.26,-46.49,0.85,40.37,1337,1377,1335,1231,1320,1499,1521,11333,699
70340,0,67.89,-14.66,6.62,0.371,-0.232,0.670,0.00,0.00,-10.70,-9.59,-78.59,5.07,1.48,-2.76,59.09,-48.90,-5.57,42.54,1337,1377,1335,1231,1319,1499,1522,11349,699
70352,0,65.90,-22.22,4.95,0.392,-0.241,0.630,0.00,0.00,-11.51,-9.97,-77.41,12.24,1.40,-2.75,58.94,-41.97,31.75,46.58,1337,1377,1335,1231,1319,1499,1522,11324,699
70364,0,67.27,-3.53,4.67,0.206,-0.184,0.841,0.00,0.00,-12.49,-10.31,-79.76,-6.77,1.31,-2.76,58.81,-39.14,-23.90,47.14,1337,1377,1335,1231,1316,1499,1525,11337,699
70376,0,68.04,1.44,5.18,0.107,-0.189,1.013,0.00,0.00,-13.58,-10.58,-81.62,-12.02,1.22,-2.80,58.68,-36.19,0.56,45.74,1337,1377,1335,1231,1316,1498,1525,11308,699
70388,0,73.48,12.16,6.36,-0.027,-0.192,1.172,0.00,0.00,-14.79,-10.83,-88.27,-22.99,1.13,-2.85,58.56,-44.28,-18.51,42.67,1337,1377,1335,1231,1317,1498,1524,11316,699
70400,0,75.81,21.97,8.27,-0.271,-0.156,1.309,0.00,0.00,-16.13,-11.09,-91.94,-33.06,1.03,-2.94,58.43,-46.06,-12.28,37.76,1337,1377,1335,1231,1317,1498,1524,11362,699
70412,0,77.68,15.18,6.85,-0.341,-0.164,1.412,0.00,0.00,-17.44,-11.05,-95.12,-26.24,0.94,-3.02,58.32,-52.83,0.48,41.19,1337,1377,1335,1231,1317,1498,1524,11358,699
70424,0,80.06,4.05,6.83,-0.427,-0.162,1.504,0.00,0.00,-18.70,-10.89,-98.76,-14.93,0.84,-3.08,58.21,-60.60,35.46,41.13,1179,1465,1283,1341,1317,1499,1524,11304,700
70436,0,78.68,-16.34,7.74,-0.299,-0.137,1.446,0.00,0.00,-19.93,-10.42,-98.60,5.92,0.74,-3.12,58.05,-58.01,85.30,38.70,1179,1465,1283,1341,1317,1499,1524,11304,700
70448,0,68.95,-31.06,9.79,-0.053,-0.147,1.275,0.00,0.00,-20.99,-9.57,-89.94,21.49,0.65,-3.09,57.81,-42.20,60.30,33.34,1179,1465,1283,1341,1299,1499,1542,11308,700
70460,0,60.97,-32.54,10.71,0.121,-0.184,1.077,0.00,0.00,-21.90,-8.95,-82.87,23.60,0.56,-3.05,57.55,-31.74,39.68,30.77,1179,1465,1283,1341,1299,1499,1542,11324,700
70472,0,57.68,-28.51,9.51,0.154,-0.236,1.024,0.00,0.00,-22.62,-8.35,-80.30,20.16,0.48,-3.00,57.29,-35.49,-4.56,33.51,1179,1465,1283,1341,1299,1499,1542,11341,700
70484,0,56.31,-37.56,8.64,0.276,-0.257,0.920,0.00,0.00,-23.18,-7.92,-79.50,29.63,0.40,-2.94,57.06,-41.36,27.29,35.46,1179,1465,1283,1341,1319,1499,1522,11370,700
70496,0,56.69,-47.78,8.05,0.428,-0.237,0.810,0.00,0.00,-23.72,-7.62,-80.41,40.16,0.32,-2.88,56.84,-46.74,67.43,36.71,1179,1465,1283,1341,1319,1499,1522,11387,700
70508,0,54.34,-33.07,7.66,0.278,-0.215,0.973,0.00,0.00,-24.23,-7.30,-78.58,25.77,0.24,-2.81,56.61,-47.52,5.18,37.46,1179,1465,1283,1341,1319,1499,1522,11387,700
70520,0,53.71,-36.98,8.49,0.186,-0.225,1.030,0.00,0.00,-24.73,-6.93,-78.44,30.06,0.16,-2.77,56.41,-51.04,49.72,35.18,1221,1355,1373,1327,1317,1499,1524,11358,700
70532,0,58.20,-24.01,9.21,0.049,-0.239,1.058,0.00,0.00,-25.27,-6.61,-83.46,17.40,0.08,-2.76,56.24,-62.27,35.78,33.21,1221,1355,1373,1327,1317,1499,1524,11362,700
70544,0,60.78,-6.27,8.38,-0.206,-0.236,1.208,0.00,0.00,-25.77,-6.30,-86.55,-0.02,0.01,-2.77,56.09,-71.84,8.26,35.15,1221,1355,1373,1327,1317,1498,1524,11329,700
70556,0,60.22,-8.30,7.40,-0.258,-0.249,1.296,0.00,0.00,-26.15,-5.77,-86.37,2.53,-0.07,-2.77,55.96,-76.24,11.08,37.46,1221,1355,1373,1327,1317,1498,1524,11324,700
70568,0,58.66,-23.28,7.78,-0.119,-0.264,1.208,0.00,0.00,-26.46,-5.16,-85.12,18.12,-0.14,-2.75,55.82,-72.30,43.36,36.38,1221,1355,1373,1327,1320,1498,1521,11308,700
70580,0,60.68,-30.26,8.65,0.006,-0.243,1.071,0.00,0.00,-26.87,-4.68,-87.54,25.58,-0.22,-2.74,55.66,-69.82,74.00,34.04,1221,1355,1373,1327,1321,1498,1520,11299,700
70592,0,59.27,3.94,7.08,-0.009,-0.074,1.192,0.00,0.00,-27.21,-4.30,-86.48,-8.24,-0.29,-2.72,55.38,-64.24,-71.13,37.68,1221,1355,1373,1327,1321,1498,1520,11341,700
70604,0,46.85,-11.26,9.83,0.032,-0.020,1.102,0.00,0.00,-27.54,-4.04,-74.39,7.22,-0.37,-2.70,55.09,-39.86,-2.62,30.53,1221,1355,1373,1327,1321,1498,1520,11370,700
70616,0,40.68,-7.86,10.60,0.074,-0.021,1.041,0.00,0.00,-27.95,-4.16,-68.64,3.70,-0.44,-2.73,54.84,-28.14,34.86,28.34,1355,1343,1355,1231,1321,1498,1520,11399,703
70628,0,39.49,19.84,8.87,-0.057,-0.018,1.188,0.00,0.00,-28.41,-4.42,-67.90,-24.26,-0.51,-2.78,54.60,-27.18,-45.18,32.41,1355,1343,1355,1231,1321,1498,1520,11399,703
70640,0,35.70,30.12,7.80,-0.120,-0.020,1.250,0.00,0.00,-28.88,-4.77,-64.59,-34.90,-0.59,-2.84,54.34,-19.40,-68.68,34.85,1355,1343,1355,1231,1316,1498,1525,11387,703
70652,0,32.44,33.39,7.51,-0.208,-0.014,1.265,0.00,0.00,-29.43,-5.26,-61.87,-38.65,-0.66,-2.92,54.09,-11.54,-42.49,35.30,1355,1343,1355,1231,1316,1498,1525,11391,703
70664,0,31.96,33.82,5.75,-0.276,-0.012,1.298,0.00,0.00,-29.92,-5.51,-61.88,-39.33,-0.74,-3.00,53.85,-13.77,-50.63,39.48,1355,1343,1355,1231,1316,1498,1525,11362,703
70676,0,34.26,48.82,4.92,-0.391,0.028,1.448,0.00,0.00,-30.37,-5.61,-64.63,-54.43,-0.81,-3.06,53.63,-20.86,-110.00,41.34,1355,1343,1355,1231,1316,1498,1525,11358,703
70688,0,29.40,22.31,8.37,-0.240,0.053,1.301,0.00,0.00,-30.85,-5.61,-60.25,-27.92,-0.89,-3.10,53.38,-7.98,-46.01,32.45,1355,1343,1355,1231,1318,1498,1523,11403,703
70700,0,26.72,24.98,9.12,-0.149,0.030,1.209,0.00,0.00,-31.36,-5.85,-58.08,-30.83,-0.96,-3.16,53.14,-0.07,-40.79,30.33,1355,1343,1355,1231,1320,1498,1521,11383,703
70712,0,30.46,43.25,6.50,-0.258,0.009,1.317,0.00,0.00,-31.87,-6.15,-62.33,-49.40,-1.04,-3.24,52.92,-6.48,-104.14,36.67,1355,1343,1355,1231,1320,1498,1521,11366,703
70724,0,32.02,48.14,4.19,-0.410,-0.003,1.401,0.00,0.00,-32.38,-6.38,-64.40,-54.52,-1.12,-3.31,52.73,-7.24,-110.00,42.26,1297,1343,1379,1261,1320,1499,1521,11391,699
70736,0,32.45,27.04,4.93,-0.459,-0.012,1.334,0.00,0.00,-32.98,-6.49,-65.43,-33.53,-1.21,-3.39,52.53,-2.48,-17.72,40.20,1297,1343,1379,1261,1320,1498,1521,11354,699
70748,0,33.05,14.17,4.05,-0.267,0.001,1.261,0.00,0.00,-33.60,-6.31,-66.66,-20.49,-1.29,-3.44,52.33,-0.91,-3.90,42.19,1297,1343,1379,1261,1311,1498,1530,11358,699
70760,0,32.64,24.86,3.56,-0.205,0.071,1.370,0.00,0.00,-34.17,-6.13,-66.80,-31.00,-1.38,-3.45,52.10,-2.46,-96.58,43.21,1297,1343,1379,1261,1311,1498,1530,11391,699
70772,0,23.80,12.16,6.33,-0.103,0.099,1.279,0.00,0.00,-34.75,-6.14,-58.56,-18.30,-1.47,-3.47,51.86,16.38,-48.45,36.04,1297,1343,1379,1261,1311,1498,1530,11345,699
70784,0,17.32,7.48,8.53,0.017,0.079,1.107,0.00,0.00,-35.42,-6.46,-52.74,-13.94,-1.55,-3.52,51.60,31.14,2.76,30.27,1297,1343,1379,1261,1320,1498,1521,11333,699
70796,0,15.19,27.90,7.06,-0.037,0.028,1.109,0.00,0.00,-35.95,-6.86,-51.13,-34.76,-1.64,-3.57,51.35,28.27,-69.80,33.69,1297,1343,1379,1261,1320,1498,1521,11324,699
70808,0,12.49,35.65,6.35,-0.120,-0.029,1.103,0.00,0.00,-36.43,-7.36,-48.92,-43.01,-1.72,-3.64,51.11,29.02,-77.95,35.23,1297,1343,1379,1261,1321,1498,1520,11324,699
70820,0,9.02,31.81,5.22,-0.160,-0.081,1.104,0.00,0.00,-36.91,-7.97,-45.93,-39.78,-1.81,-3.75,50.91,33.24,-9.43,37.86,1230,1444,1268,1342,1320,1498,1521,11341,699
70832,0,8.52,34.34,4.31,-0.140,-0.124,1.150,0.00,0.00,-37.32,-8.37,-45.84,-42.71,-1.89,-3.83,50.73,30.57,-37.33,39.97,1230,1444,1268,1342,1320,1498,1521,11358,699
70844,0,9.87,26.42,6.63,-0.084,-0.180,1.111,0.00,0.00,-37.70,-8.60,-47.57,-35.02,-1.98,-3.89,50.52,27.41,-43.69,33.95,1230,1444,1268,1342,1319,1498,1522,11412,699
70856,0,12.82,9.13,9.67,0.155,-0.215,0.922,0.00,0.00,-38.12,-8.93,-50.93,-18.06,-2.06,-3.93,50.29,24.66,-4.71,26.11,1230,1444,1268,1342,1319,1498,1522,11412,699
70868,0,18.21,14.55,10.59,0.368,-0.241,0.774,0.00,0.00,-38.57,-9.78,-56.77,-24.33,-2.16,-3.97,50.05,16.30,-25.90,23.58,1230,1444,1268,1342,1319,1498,1522,11433,699
70880,0,23.70,30.24,9.36,0.375,-0.246,0.784,0.00,0.00,-39.04,-10.96,-62.74,-41.20,-2.25,-4.03,49.81,3.44,-91.21,26.42,1230,1444,1268,1342,1319,1498,1522,11445,699
70892,0,29.30,31.55,7.99,0.323,-0.255,0.797,0.00,0.00,-39.60,-12.34,-68.90,-43.88,-2.34,-4.11,49.61,-8.19,-67.14,29.62,1230,1444,1268,1342,1319,1498,1522,11416,699
70904,0,38.09,27.28,5.78,0.217,-0.213,0.853,0.00,0.00,-40.28,-13.54,-78.37,-40.82,-2.44,-4.21,49.46,-23.94,-14.42,35.02,1230,1444,1268,1342,1321,1498,1521,11399,699
70916,0,42.42,37.27,4.27,0.107,-0.145,1.009,0.00,0.00,-41.04,-14.42,-83.46,-51.69,-2.54,-4.31,49.33,-29.44,-64.69,38.64,1248,1452,1266,1318,1321,1499,1521,11374,697
70928,0,39.83,23.43,6.61,0.099,-0.107,1.032,0.00,0.00,-41.86,-15.10,-81.69,-38.53,-2.65,-4.39,49.17,-21.92,-31.08,32.65,1248,1452,1266,1318,1317,1499,1525,11383,697
70940,0,37.76,17.00,6.94,0.148,-0.121,0.985,0.00,0.00,-42.66,-15.91,-80.42,-32.91,-2.75,-4.49,49.05,-16.90,17.98,31.71,1248,1452,1266,1318,1321,1499,1520,11333,697
70952,0,39.57,41.19,4.81,-0.164,-0.109,1.244,0.00,0.00,-43.40,-16.52,-82.97,-57.71,-2.85,-4.61,48.94,-26.44,-71.32,36.92,1248,1452,1266,1318,1321,1499,1520,11324,697
70964,0,37.44,16.95,5.29,-0.228,-0.155,1.202,0.00,0.00,-44.02,-16.71,-81.46,-33.66,-2.94,-4.71,48.84,-26.71,14.22,35.62,1248,1452,1266,1318,1321,1498,1520,11316,697
70976,0,38.73,4.56,5.07,-0.241,-0.161,1.160,0.00,0.00,-44.53,-16.62,-83.26,-21.19,-3.04,-4.79,48.74,-35.24,44.49,36.07,1248,1452,1266,1318,1321,1498,1520,11341,697
70988,0,34.40,-2.18,3.96,-0.187,-0.127,1.193,0.00,0.00,-44.78,-16.13,-79.18,-13.95,-3.12,-4.82,48.61,-39.35,-0.17,38.70,1248,1452,1266,1318,1321,1498,1520,11358,697
71000,0,25.94,-11.63,5.60,-0.126,-0.141,1.103,0.00,0.00,-44.82,-15.74,-70.76,-4.11,-3.20,-4.86,48.47,-32.29,26.85,34.47,1248,1452,1266,1318,1320,1498,1521,11358,697
71012,0,22.39,-8.24,5.29,-0.160,-0.163,1.153,0.00,0.00,-44.69,-15.46,-67.08,-7.22,-3.26,-4.91,48.38,-35.13,30.37,35.15,1248,1452,1266,1318,1320,1498,1521,11345,697
71024,0,-18.48,27.37,9.47,0.113,-0.229,1.328,0.00,0.00,-44.08,-15.64,-25.60,-43.01,-3.30,-4.97,48.18,13.20,-108.37,24.51,1211,1389,1343,1337,1320,1499,1521,11324,697
71036,0,-42.73,-8.56,14.43,0.575,0.120,1.077,0.00,0.00,-43.26,-16.23,-0.53,-7.66,-3.31,-5.00,47.74,14.97,16.49,11.66,1211,1389,1343,1337,1320,1499,1521,11329,697
71048,0,-45.27,10.91,17.52,0.624,0.085,0.896,0.00,0.00,-42.12,-17.12,3.14,-28.03,-3.29,-5.05,47.27,-15.08,-67.55,3.48,1211,1389,1343,1337,1320,1499,1521,11308,697
71060,0,-51.27,18.33,13.71,0.479,0.115,0.894,0.00,0.00,-40.75,-18.11,10.52,-36.44,-3.26,-5.12,46.81,-25.29,-71.27,12.53,1211,1389,1343,1337,1320,1499,1521,11299,697
71072,0,-47.85,9.17,13.54,0.410,0.108,0.981,0.00,0.00,-39.25,-19.24,8.61,-28.41,-3.23,-5.25,46.38,-37.10,60.30,12.53,1211,1389,1343,1337,1320,1499,1521,11308,697
71084,0,-51.59,-6.28,15.33,0.127,0.036,1.094,0.00,0.00,-37.47,-19.61,14.12,-13.33,-3.19,-5.33,45.98,-34.99,70.96,7.65,1211,1389,1343,1337,1320,1499,1521,11299,697
71096,0,-48.76,-47.18,16.74,0.256,0.003,0.911,0.00,0.00,-35.70,-19.70,13.07,27.48,-3.15,-5.39,45.62,-39.94,110.00,3.76,1211,1389,1343,1337,1320,1499,1521,11308,697
71108,0,-50.90,-29.12,14.29,0.130,-0.022,1.042,0.00,0.00,-33.67,-19.24,17.23,9.88,-3.10,-5.40,45.26,-48.15,65.69,9.53,1211,1389,1343,1337,1320,1499,1521,11308,697
71120,0,-51.05,-39.44,11.32,0.373,-0.005,0.963,0.00,0.00,-31.76,-18.72,19.29,20.72,-3.06,-5.37,44.96,-42.79,59.68,16.67,1252,1290,1384,1354,1321,1498,1521,11308,709
71132,0,-51.54,-24.04,11.40,0.399,0.045,1.003,0.00,0.00,-29.83,-18.34,21.71,5.70,-3.01,-5.32,44.63,-41.39,-53.08,16.13,1252,1290,1384,1354,1321,1498,1521,11337,709
71144,0,-65.92,-19.01,11.42,0.436,0.032,0.977,0.00,0.00,-27.68,-18.54,38.24,0.47,-2.94,-5.35,44.30,-23.77,21.61,15.74,1252,1290,1384,1354,1321,1498,1521,11329,709
71156,0,-70.41,0.20,10.61,0.291,0.122,1.073,0.00,0.00,-25.47,-18.65,44.94,-18.85,-2.86,-5.38,43.93,-25.90,-54.44,17.41,1252,1290,1384,1354,1321,1498,1521,11341,709
71168,0,-75.33,-9.15,8.75,0.277,0.191,1.032,0.00,0.00,-23.31,-18.91,52.02,-9.76,-2.78,-5.43,43.64,-16.37,33.74,21.78,1252,1290,1384,1354,1320,1498,1522,11337,709
71180,0,-72.17,13.53,7.48,-0.017,0.226,1.265,0.00,0.00,-21.15,-18.72,51.03,-32.25,-2.70,-5.46,43.32,-25.91,-90.53,24.63,1252,1290,1384,1354,1320,1498,1522,11324,709
71192,0,-80.68,-2.23,9.56,0.088,0.212,1.076,0.00,0.00,-18.87,-18.48,61.82,-16.26,-2.60,-5.49,42.97,-11.26,-28.27,19.06,1252,1290,1384,1354,1320,1498,1522,11341,709
71204,0,-87.70,-0.85,10.73,0.052,0.153,1.094,0.00,0.00,-16.50,-18.06,71.19,-17.21,-2.51,-5.48,42.62,2.56,-87.34,15.79,1252,1290,1384,1354,1320,1498,1522,11333,709
71216,0,-86.96,-15.11,11.88,0.146,0.147,1.002,0.00,0.00,-14.19,-17.86,72.77,-2.75,-2.41,-5.49,42.30,6.03,-12.78,12.61,1290,1338,1326,1326,1320,1499,1522,11329,700
71228,0,-88.43,-7.64,10.64,0.076,0.120,1.044,0.00,0.00,-11.95,-17.76,76.48,-10.13,-2.32,-5.52,42.03,16.75,-6.99,15.42,1290,1338,1326,1326,1320,1499,1521,11378,700
71240,0,-85.35,-6.72,9.04,-0.101,0.201,1.162,0.00,0.00,-9.77,-17.49,75.57,-10.77,-2.22,-5.57,41.80,13.48,17.23,19.21,1290,1338,1326,1326,1317,1499,1524,11362,700
71252,0,-89.56,-23.24,9.73,-0.101,0.229,1.056,0.00,0.00,-7.69,-16.74,81.87,6.50,-2.12,-5.58,41.53,27.27,49.87,17.20,1290,1338,1326,1326,1317,1499,1524,11358,700
71264,0,-101.87,0.04,3.62,-0.208,0.234,1.230,0.00,0.00,-5.58,-15.88,96.29,-15.92,-2.02,-5.57,41.31,48.26,-93.11,32.25,1290,1338,1326,1326,1320,1498,1521,11324,700
71276,0,-96.09,0.53,1.62,-0.301,0.139,1.306,0.00,0.00,-3.71,-15.20,92.38,-15.73,-1.92,-5.58,41.16,49.61,-66.83,37.10,1290,1338,1326,1326,1320,1498,1521,11329,700
71288,0,-85.24,-21.48,3.40,-0.197,0.140,1.223,0.00,0.00,-2.05,-14.14,83.19,7.33,-1.83,-5.54,40.97,37.20,-23.23,32.45,1290,1338,1326,1326,1320,1498,1521,11274,700
71300,0,-82.18,-24.65,4.20,-0.120,0.106,1.125,0.00,0.00,-0.45,-13.23,81.73,11.42,-1.75,-5.51,40.76,35.81,-19.91,30.27,1290,1338,1326,1326,1321,1498,1520,11295,700
71312,0,-74.62,-23.81,3.35,-0.054,0.080,1.077,0.00,0.00,1.13,-12.65,75.75,11.16,-1.66,-5.50,40.61,24.80,17.49,32.23,1290,1338,1326,1326,1321,1498,1520,11295,700
71324,0,-66.53,-15.70,2.81,-0.059,0.072,1.112,0.00,0.00,2.57,-12.10,69.10,3.60,-1.58,-5.50,40.50,18.60,3.06,33.47,1237,1369,1333,1345,1321,1498,1520,11316,700
71336,0,-38.41,9.49,-4.69,0.051,0.030,1.188,0.00,0.00,3.72,-11.77,42.13,-21.27,-1.51,-5.52,40.47,-23.00,-86.96,52.20,1237,1369,1333,1345,1321,1498,1520,11291,700
71348,0,-8.80,8.21,-10.77,0.183,0.229,1.081,0.00,0.00,4.02,-11.81,12.82,-20.01,-1.48,-5.54,40.67,-40.72,-62.24,67.59,1237,1369,1333,1345,1318,1498,1523,11320,700
71360,0,-1.91,20.47,-13.20,0.237,0.118,1.015,0.00,0.00,3.81,-11.99,5.73,-32.46,-1.47,-5.57,40.94,-5.23,-110.00,73.95,1237,1369,1333,1345,1318,1498,1523,11341,700
71372,0,9.90,-8.81,-13.28,0.573,0.126,0.824,0.00,0.00,3.73,-12.58,-6.17,-3.78,-1.47,-5.55,41.22,-19.27,-40.88,74.42,1237,1369,1333,1345,1318,1498,1523,11345,700
71384,0,1.71,62.57,-15.52,0.132,0.084,1.009,0.00,0.00,3.73,-13.74,2.02,-76.31,-1.47,-5.64,41.56,6.22,-110.00,80.35,1237,1369,1333,1345,1320,1498,1521,11387,700
71396,0,-0.31,31.04,-12.01,0.289,0.155,0.914,0.00,0.00,3.42,-14.97,3.72,-46.02,-1.47,-5.75,41.93,22.07,-50.11,71.95,1237,1369,1333,1345,1320,1498,1521,11374,700
71408,0,1.60,18.70,-12.05,0.225,0.185,0.994,0.00,0.00,3.22,-15.99,1.62,-34.69,-1.47,-5.85,42.31,14.72,11.61,72.44,1237,1369,1333,1345,1320,1498,1521,11366,700
71420,0,-2.98,21.04,-9.60,0.294,0.146,0.968,0.00,0.00,2.92,-17.03,5.89,-38.08,-1.48,-5.98,42.68,26.83,29.43,66.68,1249,1500,1285,1241,1319,1499,1522,11366,693
71432,0,2.25,18.36,-7.15,0.337,0.214,0.951,0.00,0.00,2.49,-17.80,0.24,-36.16,-1.49,-6.07,42.94,15.56,-5.93,60.81,1249,1500,1285,1241,1319,1499,1522,11341,693
71444,0,2.37,1.72,-5.86,0.465,0.239,0.869,0.00,0.00,2.18,-18.43,-0.19,-20.15,-1.49,-6.12,43.15,10.34,5.15,57.79,1249,1500,1285,1241,1318,1500,1523,11324,693
71456,0,0.29,8.99,-5.53,0.520,0.239,0.822,0.00,0.00,1.90,-19.47,1.61,-28.47,-1.49,-6.19,43.34,9.97,-12.72,57.16,1249,1500,1285,1241,1318,1500,1523,11316,693
71468,0,5.57,-4.67,-5.62,0.663,0.240,0.732,0.00,0.00,1.62,-20.64,-3.95,-15.97,-1.49,-6.29,43.52,-6.60,77.65,57.56,1249,1500,1285,1241,1311,1500,1529,11337,693
71480,0,5.81,16.27,-4.93,0.343,0.299,0.954,0.00,0.00,1.58,-21.28,-4.23,-37.54,-1.48,-6.34,43.64,-17.20,-71.52,55.98,1249,1500,1285,1241,1318,1498,1523,11333,693
71492,0,3.83,-14.83,-1.99,0.402,0.254,0.853,0.00,0.00,1.41,-21.90,-2.41,-7.07,-1.47,-6.42,43.78,-13.47,89.83,48.74,1249,1500,1285,1241,1318,1498,1523,11341,693
71504,0,6.29,-10.52,0.35,0.319,0.238,0.877,0.00,0.00,1.18,-22.33,-5.11,-11.81,-1.47,-6.50,43.89,-19.81,72.04,43.02,1249,1500,1285,1241,1316,1498,1526,11329,693
71516,0,3.29,-1.68,0.03,0.076,0.214,1.148,0.00,0.00,1.04,-22.15,-2.25,-20.48,-1.45,-6.53,43.95,-23.13,-31.11,43.87,1265,1413,1305,1281,1316,1498,1526,11366,700
71528,0,-0.45,-39.00,1.70,0.200,0.145,0.925,0.00,0.00,0.93,-22.02,1.38,16.98,-1.44,-6.56,44.01,-20.03,110.00,39.75,1265,1413,1305,1281,1317,1498,1524,11383,700
71540,0,-6.70,-10.16,-0.91,0.028,0.149,0.993,0.00,0.00,0.91,-21.93,7.60,-11.77,-1.42,-6.62,44.07,-13.29,33.32,46.35,1265,1413,1305,1281,1316,1498,1526,11391,700
71552,0,-17.98,10.96,-3.46,-0.201,0.158,1.256,0.00,0.00,1.05,-21.70,19.03,-32.66,-1.40,-6.68,44.12,2.06,-56.58,52.76,1265,1413,1305,1281,1316,1498,1526,11374,700
71564,0,-29.79,-11.54,-1.26,-0.269,0.094,1.204,0.00,0.00,1.25,-21.39,31.04,-9.84,-1.37,-6.74,44.15,25.81,59.13,47.31,1265,1413,1305,1281,1317,1498,1524,11324,700
71576,0,-30.05,-11.12,-1.47,-0.241,0.021,1.207,0.00,0.00,1.42,-21.01,31.48,-9.89,-1.35,-6.81,44.21,30.32,64.75,47.89,1265,1413,1305,1281,1317,1498,1524,11341,700
71588,0,-28.95,-8.35,0.53,-0.272,0.001,1.175,0.00,0.00,1.64,-20.30,30.59,-11.95,-1.33,-6.84,44.26,29.47,13.96,42.94,1265,1413,1305,1281,1318,1498,1523,11362,700
71600,0,-28.85,-7.97,0.85,-0.225,-0.021,1.128,0.00,0.00,1.86,-19.28,30.70,-11.31,-1.31,-6.83,44.23,31.94,-45.95,42.12,1265,1413,1305,1281,1318,1498,1523,11358,700
71612,0,-30.66,-2.32,-0.76,-0.175,-0.063,1.101,0.00,0.00,2.19,-18.45,32.86,-16.14,-1.29,-6.82,44.23,36.41,-78.31,46.12,1265,1413,1305,1281,1318,1498,1523,11354,700
71624,0,-28.86,4.53,-2.13,-0.296,-0.051,1.133,0.00,0.00,2.35,-17.87,31.20,-22.40,-1.28,-6.86,44.26,43.30,-63.00,49.57,1301,1407,1333,1231,1316,1498,1525,11341,700
71636,0,-30.58,3.90,-4.72,-0.387,-0.072,1.202,0.00,0.00,2.50,-17.31,33.08,-21.21,-1.27,-6.90,44.33,51.94,-24.43,56.12,1301,1407,1333,1231,1316,1498,1525,11337,700
71648,0,-25.15,-2.86,-5.88,-0.378,-0.050,1.262,0.00,0.00,2.57,-16.31,27.71,-13.45,-1.26,-6.90,44.39,46.94,-45.46,59.09,1301,1407,1333,1231,1316,1498,1525,11374,700
71660,0,-23.26,-7.92,-3.06,-0.248,0.020,1.236,0.00,0.00,2.64,-15.06,25.89,-7.14,-1.25,-6.86,44.38,44.52,-93.66,52.04,1301,1407,1333,1231,1319,1498,1522,11374,700
71672,0,-19.35,-13.74,-0.25,-0.147,0.010,1.187,0.00,0.00,2.71,-13.95,22.07,-0.21,-1.24,-6.80,44.36,34.89,-101.16,44.97,1301,1407,1333,1231,1319,1498,1522,11370,700
71684,0,-14.28,-37.63,1.79,0.021,-0.003,1.025,0.00,0.00,2.80,-13.04,17.09,24.58,-1.23,-6.74,44.38,21.98,-3.30,39.91,1301,1407,1333,1231,1319,1498,1522,11349,700
71696,0,-4.59,-22.01,0.27,-0.060,0.010,1.154,0.00,0.00,2.82,-12.43,7.41,9.58,-1.22,-6.73,44.45,1.68,-4.81,43.79,1301,1407,1333,1231,1319,1498,1522,11358,700
71708,0,6.53,-23.26,-1.35,-0.177,0.019,1.280,0.00,0.00,2.80,-11.62,-3.72,11.64,-1.22,-6.71,44.54,-20.31,7.36,47.91,1301,1407,1333,1231,1315,1498,1526,11358,700
71720,0,14.31,-45.60,-1.43,-0.065,0.039,1.150,0.00,0.00,2.77,-10.35,-11.55,35.25,-1.21,-6.63,44.60,-35.40,36.54,48.17,1375,1271,1443,1171,1315,1498,1526,11345,692
71732,0,13.78,-60.46,-1.57,0.207,0.007,0.983,0.00,0.00,2.78,-9.19,-11.01,51.27,-1.20,-6.53,44.65,-36.05,45.54,48.58,1375,1271,1443,1171,1315,1498,1526,11320,692
71744,0,14.06,-75.61,-1.30,0.425,-0.046,0.844,0.00,0.00,2.79,-8.45,-11.27,67.15,-1.20,-6.42,44.70,-37.36,104.89,47.94,1375,1271,1443,1171,1316,1499,1525,11304,692
71756,0,15.44,-76.08,-1.47,0.526,-0.135,0.716,0.00,0.00,2.84,-8.04,-12.60,68.05,-1.19,-6.34,44.75,-39.38,110.00,48.42,1375,1271,1443,1171,1316,1499,1525,11299,692
71768,0,19.15,-54.27,-2.71,0.409,-0.189,0.778,0.00,0.00,2.92,-7.75,-16.22,46.52,-1.19,-6.26,44.85,-48.73,64.43,51.62,1375,1271,1443,1171,1320,1499,1521,11308,692
71780,0,23.94,-36.94,-3.74,0.230,-0.190,0.877,0.00,0.00,2.94,-7.53,-21.00,29.40,-1.18,-6.23,44.99,-57.75,43.91,54.34,1375,1271,1443,1171,1316,1498,1525,11324,692
71792,0,24.94,-26.79,-5.13,0.003,-0.136,1.076,0.00,0.00,2.92,-7.14,-22.03,19.65,-1.18,-6.19,45.16,-61.51,26.09,57.97,1375,1271,1443,1171,1316,1498,1525,11291,692
71804,0,22.93,-32.94,-4.36,-0.132,-0.086,1.157,0.00,0.00,2.91,-6.47,-20.03,26.46,-1.17,-6.16,45.32,-60.46,54.80,56.23,1375,1271,1443,1171,1321,1498,1520,11308,692
71816,0,15.61,-40.14,-2.92,-0.243,-0.063,1.139,0.00,0.00,2.84,-5.50,-12.77,34.64,-1.16,-6.11,45.44,-43.87,64.82,52.74,1376,1352,1394,1162,1321,1498,1520,11279,693
71828,0,3.74,-58.33,-1.89,-0.186,-0.082,1.018,0.00,0.00,2.83,-4.32,-0.92,54.01,-1.15,-6.03,45.54,-20.78,110.00,50.27,1376,1352,1394,1162,1315,1498,1526,11270,693
71840,0,-1.92,-66.53,-2.62,-0.054,-0.080,0.926,0.00,0.00,2.77,-3.14,4.69,63.38,-1.15,-5.95,45.65,-8.13,110.00,52.20,1376,1352,1394,1162,1316,1499,1525,11287,693
71852,0,7.41,-47.15,-7.21,0.082,-0.198,1.048,0.00,0.00,2.57,-2.34,-4.84,44.81,-1.15,-5.88,45.86,-16.33,72.46,63.89,1376,1352,1394,1162,1316,1499,1525,11287,693
71864,0,22.45,-20.00,-12.05,0.004,-0.138,1.198,0.00,0.00,2.02,-1.78,-20.43,18.22,-1.17,-5.82,46.18,-29.91,-29.21,76.29,1376,1352,1394,1162,1316,1499,1525,11299,693
71876,0,18.84,-23.35,-12.17,0.016,-0.105,1.051,0.00,0.00,1.38,-1.47,-17.46,21.88,-1.19,-5.78,46.52,-13.24,28.57,76.94,1376,1352,1394,1162,1316,1499,1525,11291,693
71888,0,19.98,-15.75,-13.18,-0.157,-0.094,1.188,0.00,0.00,0.63,-1.04,-19.35,14.70,-1.22,-5.75,46.87,-8.06,11.80,79.81,1376,1352,1394,1162,1316,1499,1525,11312,693
71900,0,21.67,-20.23,-13.69,-0.163,-0.028,1.215,0.00,0.00,-0.09,-0.60,-21.76,19.62,-1.25,-5.73,47.26,-10.29,51.24,81.50,1376,1352,1394,1162,1321,1499,1521,11308,693
71912,0,16.25,-6.11,-15.09,-0.249,0.025,1.357,0.00,0.00,-0.68,-0.01,-16.93,6.10,-1.27,-5.70,47.62,-4.25,-23.63,85.35,1376,1352,1394,1162,1321,1499,1521,11308,693
71924,0,4.76,-15.07,-13.03,-0.406,0.023,1.427,0.00,0.00,-1.14,0.74,-5.91,15.81,-1.29,-5.66,47.94,15.04,9.94,80.52,1345,1375,1401,1163,1307,1499,1535,11287,706
71936,0,1.73,-44.01,-9.14,-0.239,0.042,1.274,0.00,0.00,-1.64,1.89,-3.38,45.90,-1.31,-5.57,48.26,16.69,79.06,71.11,1345,1375,1401,1163,1307,1499,1535,11287,706
71948,0,-1.50,-37.81,-7.87,-0.263,0.039,1.267,0.00,0.00,-2.02,3.35,-0.52,41.15,-1.32,-5.44,48.48,14.01,-17.22,68.15,1345,1375,1401,1163,1299,1499,1540,11245,706
71960,0,9.21,-48.47,-8.78,-0.028,0.043,1.119,0.00,0.00,-2.42,4.51,-11.63,52.98,-1.33,-5.32,48.70,-11.94,28.04,70.65,1345,1375,1401,1163,1287,1499,1550,11270,706
71972,0,13.31,-43.85,-13.72,0.101,0.050,1.099,0.00,0.00,-2.92,5.25,-16.23,49.10,-1.35,-5.22,49.05,-13.84,44.36,83.35,1345,1375,1401,1163,1287,1499,1550,11291,706
71984,0,12.91,0.49,-16.23,-0.011,0.030,1.280,0.00,0.00,-3.32,5.50,-16.23,5.01,-1.37,-5.18,49.44,-9.71,-77.23,90.00,1345,1375,1401,1163,1174,1499,1550,11299,706
71996,0,13.54,-7.76,-14.06,0.007,-0.038,1.228,0.00,0.00,-3.62,5.59,-17.16,13.35,-1.39,-5.13,49.79,-10.23,-25.08,84.95,1345,1375,1401,1163,1174,1498,1550,11320,706
72008,0,0.34,-30.88,-9.90,0.042,-0.096,1.017,0.00,0.00,-3.76,5.77,-4.11,36.65,-1.40,-5.07,50.14,11.85,58.71,74.89,1345,1375,1401,1163,1160,1498,1521,11341,706
72020,0,-6.15,-44.71,-11.35,0.356,-0.083,0.724,0.00,0.00,-3.92,5.79,2.23,50.50,-1.42,-4.99,50.49,25.81,104.24,78.88,1100,1293,1197,1127,1037,1498,1521,11366,700
72032,0,-0.32,11.71,-17.78,0.154,-0.025,0.936,0.00,0.00,-4.32,5.52,-4.00,-6.19,-1.44,-4.94,50.96,24.34,-110.00,95.42,1100,1293,1197,1127,1037,1498,1521,11428,700
72044,0,0.22,-1.04,-17.61,0.302,-0.047,0.707,0.00,0.00,-4.57,4.95,-4.79,5.99,-1.47,-4.92,51.47,25.73,-26.28,95.51,1100,1293,1197,1127,1037,1498,1521,11474,700
72056,0,0.97,1.17,-19.83,0.392,-0.004,0.676,0.00,0.00,-4.90,4.22,-5.86,3.05,-1.49,-4.86,51.98,24.31,-75.49,101.55,1100,1293,1197,1127,1037,1499,1521,11487,700
72068,0,-6.63,32.34,-20.70,0.179,0.008,0.808,0.00,0.00,-5.25,3.39,1.39,-28.95,-1.51,-4.88,52.50,38.43,-110.00,104.25,1100,1293,1197,1127,1036,1499,1521,11499,700
72080,0,-9.54,17.58,-17.86,0.272,-0.001,0.696,0.00,0.00,-5.46,2.44,4.07,-15.14,-1.53,-4.93,53.00,36.03,-17.12,97.65,1100,1293,1197,1127,1033,1499,1523,11566,700
72092,0,-6.48,15.24,-16.33,0.292,-0.014,0.627,0.00,0.00,-5.58,1.53,0.90,-13.71,-1.54,-4.95,53.50,22.53,-30.36,94.32,1100,1293,1197,1127,1033,1499,1523,11582,700
72104,0,-11.39,3.10,-9.27,0.360,0.075,0.769,0.00,0.00,-5.45,0.51,5.94,-2.59,-1.53,-4.98,53.86,5.80,28.44,77.04,1100,1293,1197,1127,1025,1499,1532,11591,700
72116,0,-29.90,32.87,-6.48,0.264,0.010,0.856,0.00,0.00,-4.98,-0.81,24.92,-33.68,-1.50,-5.07,54.07,16.36,-24.67,70.28,1100,1100,1100,1100,1025,1498,1532,11603,704
72128,0,-29.57,57.13,-10.53,0.299,-0.086,0.905,0.00,0.00,-4.57,-2.57,25.00,-59.70,-1.48,-5.21,54.34,14.85,-48.37,80.67,1100,1100,1100,1100,1025,1498,1529,11624,704
72140,0,-29.13,63.99,-19.67,0.312,-0.181,0.770,0.00,0.00,-4.29,-4.81,24.84,-68.81,-1.47,-5.37,54.85,32.99,-46.67,104.01,1100,1100,1100,1100,1025,1498,1531,11612,704
72152,0,-3.21,101.56,-24.17,0.234,0.009,0.849,0.00,0.00,-4.19,-7.63,-0.98,-109.19,-1.48,-5.58,55.54,-1.77,-110.00,110.00,1100,1100,1100,1100,1025,1498,1531,11620,704
72164,0,-5.38,81.74,-21.81,0.571,-0.135,0.546,0.00,0.00,-4.17,-11.03,1.21,-92.77,-1.50,-5.85,56.33,24.28,28.44,110.00,1100,1100,1100,1100,1025,1499,1531,11637,704
72176,0,1.37,127.10,-20.76,0.457,-0.014,0.564,0.00,0.00,-3.77,-14.46,-5.14,-141.55,-1.49,-6.12,56.93,-10.16,-110.00,108.82,1100,1100,1100,1100,1025,1499,1531,11637,704
72188,0,-18.96,116.44,-22.63,0.454,-0.108,0.428,0.00,0.00,-3.17,-18.16,15.79,-134.60,-1.48,-6.43,57.59,14.81,-90.36,110.00,1100,1100,1100,1100,1026,1499,1531,11653,704
72200,0,-35.62,107.33,-23.45,0.533,-0.070,0.244,0.00,0.00,-2.71,-22.39,32.91,-129.72,-1.47,-6.79,58.25,53.40,14.09,110.00,1100,1100,1100,1100,1018,1499,1531,11653,704
72212,0,-14.74,121.18,-22.36,0.369,-0.010,0.340,0.00,0.00,-2.21,-26.57,12.52,-147.74,-1.46,-7.12,58.90,9.42,-95.41,110.00,1100,1100,1100,1100,1018,1499,1531,11653,704
72224,0,-6.70,139.28,-23.13,0.351,-0.057,0.339,0.00,0.00,-1.61,-30.84,5.09,-170.12,-1.45,-7.51,59.61,-14.75,-110.00,110.00,1100,1100,1100,1100,1029,1498,1522,11666,701
72236,0,-32.32,144.28,-21.80,0.429,-0.180,0.519,0.00,0.00,-0.85,-34.90,31.47,-179.18,-1.42,-7.92,60.32,32.34,-110.00,110.00,1100,1100,1100,1100,1029,1498,1522,11662,701
72248,0,-25.01,190.69,-26.09,0.412,-0.060,0.603,0.00,0.00,-0.39,-39.81,24.62,-230.50,-1.41,-8.43,61.06,34.15,-110.00,110.00,1100,1100,1100,1100,1029,1498,1522,11670,701
72260,0,-7.16,270.18,-27.80,0.268,-0.485,1.017,0.00,0.00,-0.29,-45.76,6.87,-315.94,-1.42,-9.11,61.86,18.06,-110.00,110.00,1100,1100,1100,1100,1029,1498,1522,11666,701
72272,0,42.51,-50.76,-20.84,0.806,-0.104,2.139,0.00,0.00,-0.20,-47.99,-42.71,2.77,-1.42,-9.49,62.41,-96.58,110.00,110.00,1100,1100,1100,1100,1029,1498,1522,11666,701
72284,0,33.39,136.00,-33.61,-0.378,0.933,2.923,0.00,0.00,-1.30,-49.09,-34.68,-185.09,-1.45,-9.73,63.11,-24.59,-110.00,110.00,1100,1100,1100,1100,1030,1498,1521,11662,701
