time_ms,flags,gyro_x,gyro_y,gyro_z,accel_x,accel_y,accel_z,roll,pitch,angle_sp_roll,angle_sp_pitch,angle_err_roll,angle_err_pitch,angle_i_roll,rate_sp_roll,rate_sp_pitch,rate_err_roll,rate_err_pitch,rate_i_roll,pid_roll,pid_pitch,pid_yaw,m1,m2,m3,m4,rc_thr,rc_roll,rc_pitch,battery_mv,loop_us
229589,9,0.02,0.20,0.00,0.009,-0.075,0.996,-4.46,2.76,0.00,0.00,4.46,-2.76,0.00,15.61,-9.65,15.59,-9.85,0.00,0.61,-0.46,-0.37,1000,1000,1000,1000,1025,1500,1507,11070,809
229601,9,0.08,0.08,-0.05,0.005,-0.076,0.991,-4.47,2.69,0.00,0.00,4.47,-2.69,0.00,15.65,-9.42,15.58,-9.50,0.00,0.59,-0.40,1.00,1000,1000,1000,1000,1024,1509,1498,11075,809
229612,9,-0.04,0.03,0.00,0.009,-0.076,0.998,-4.47,2.76,0.00,0.00,4.47,-2.76,0.00,15.66,-9.67,15.70,-9.70,0.00,0.65,-0.39,-0.27,1000,1000,1000,1000,1024,1509,1498,11075,809
229624,9,0.07,0.03,0.00,0.011,-0.072,0.996,-4.44,2.80,0.00,0.00,4.44,-2.80,0.00,15.53,-9.79,15.45,-9.81,0.00,0.58,-0.39,-0.17,1000,1000,1000,1000,1024,1509,1498,11075,809
229636,9,-0.04,-0.09,-0.06,0.005,-0.075,0.999,-4.46,2.69,0.00,0.00,4.46,-2.69,0.00,15.63,-9.43,15.67,-9.34,0.00,0.63,-0.33,0.87,1000,1000,1000,1000,1024,1509,1498,11070,809
229649,9,-0.04,0.08,-0.00,0.009,-0.075,0.993,-4.38,2.70,0.00,0.00,4.38,-2.70,0.00,15.34,-9.46,15.38,-9.55,0.00,0.62,-0.42,-0.49,1100,1100,1100,1100,1023,1509,1498,11075,809
229661,9,0.02,0.03,-0.00,0.007,-0.075,0.999,-4.37,2.67,0.00,0.00,4.37,-2.67,0.00,15.31,-9.36,15.29,-9.38,0.00,0.60,-0.39,-0.27,1100,1100,1100,1100,1024,1509,1498,11070,809
229672,9,-0.10,-0.03,-0.11,0.014,-0.069,0.995,-4.30,2.79,0.00,0.00,4.30,-2.79,0.00,15.05,-9.75,15.15,-9.72,0.00,0.64,-0.38,1.83,1100,1100,1100,1100,1024,1509,1498,11070,809
229684,9,-0.03,-0.03,-0.12,0.009,-0.072,1.000,-4.35,2.80,0.00,0.00,4.35,-2.80,0.00,15.21,-9.79,15.25,-9.76,0.00,0.62,-0.38,1.23,1100,1100,1100,1100,1023,1509,1499,11062,809
229696,9,0.08,-0.09,0.12,0.014,-0.077,0.993,-4.50,2.89,0.00,0.00,4.50,-2.89,0.00,15.76,-10.12,15.68,-10.03,0.00,0.60,-0.38,-2.98,1100,1100,1100,1100,1023,1509,1499,11058,809
229709,9,-0.09,-0.04,0.07,0.013,-0.072,0.992,-4.51,2.87,0.00,0.00,4.51,-2.87,0.00,15.79,-10.04,15.89,-10.01,0.00,0.68,-0.41,-0.70,1100,1100,1100,1100,1024,1509,1498,11062,809
229721,9,-0.09,0.14,-0.12,0.012,-0.072,0.997,-4.45,2.82,0.00,0.00,4.45,-2.82,0.00,15.59,-9.88,15.68,-10.02,0.00,0.67,-0.47,2.28,1100,1100,1100,1100,1024,1508,1499,11058,809
229732,9,0.02,0.08,-0.00,0.013,-0.074,0.997,-4.39,2.81,0.00,0.00,4.39,-2.81,0.00,15.36,-9.85,15.34,-9.93,0.00,0.60,-0.43,-0.65,1100,1100,1100,1100,1024,1508,1499,11062,809
229744,9,-0.10,0.08,0.12,0.009,-0.073,0.998,-4.30,2.78,0.00,0.00,4.30,-2.78,0.00,15.04,-9.73,15.14,-9.80,0.00,0.63,-0.43,-2.10,1100,1100,1100,1100,1024,1508,1499,11062,809
229756,9,-0.10,0.02,0.01,0.010,-0.076,0.999,-4.40,2.74,0.00,0.00,4.40,-2.74,0.00,15.42,-9.60,15.51,-9.62,0.00,0.65,-0.39,0.85,1100,1100,1100,1100,1024,1508,1499,11062,809
229769,9,0.02,0.14,-0.29,0.008,-0.079,0.998,-4.48,2.71,0.00,0.00,4.48,-2.71,0.00,15.69,-9.48,15.67,-9.61,0.00,0.62,-0.43,5.15,1100,1100,1100,1100,1023,1508,1499,11054,809
229781,9,-0.43,-0.14,0.07,0.003,-0.054,1.013,-4.37,2.67,0.00,0.00,4.37,-2.67,0.00,15.29,-9.33,15.72,-9.19,0.00,0.81,-0.28,-1.07,1100,1100,1100,1100,1024,1508,1499,11050,809
229792,9,-0.14,0.66,-0.29,0.017,-0.102,0.991,-4.76,2.71,0.00,0.00,4.76,-2.71,0.00,16.67,-9.49,16.81,-10.15,0.00,0.75,-0.67,5.95,1100,1100,1100,1100,1024,1508,1499,11054,809
229804,9,0.52,0.68,-0.03,-0.009,-0.081,1.004,-4.33,2.53,0.00,0.00,4.33,-2.53,0.00,15.14,-8.87,14.63,-9.55,0.00,0.34,-0.72,-2.72,1100,1100,1100,1100,1024,1508,1499,11050,809
229816,9,-0.47,-0.26,0.65,0.028,-0.031,0.987,-3.97,3.12,0.00,0.00,3.97,-3.12,0.00,13.89,-10.90,14.37,-10.64,0.00,0.75,-0.35,-13.75,1100,1100,1100,1100,1024,1508,1499,11050,809
229829,9,-0.28,0.45,0.03,-0.008,-0.097,1.002,-4.89,2.79,0.00,0.00,4.89,-2.79,0.00,17.10,-9.75,17.38,-10.20,0.00,0.84,-0.53,2.00,1100,1100,1100,1100,1023,1508,1499,11033,809
229841,9,0.67,1.13,-0.40,-0.012,-0.083,1.038,-4.73,2.46,0.00,0.00,4.73,-2.46,0.00,16.54,-8.62,15.87,-9.75,0.00,0.33,-0.68,8.27,1100,1100,1100,1100,1024,1509,1498,11025,809
229852,9,0.42,1.67,0.29,-0.027,-0.106,1.039,-5.05,2.27,0.00,0.00,5.05,-2.27,0.00,17.68,-7.93,17.26,-9.60,0.00,0.46,-0.89,-7.75,1100,1100,1100,1100,1024,1509,1498,11012,809
229864,9,-0.25,-0.17,-0.21,0.053,-0.042,0.958,-5.12,3.05,0.00,0.00,5.12,-3.05,0.00,17.91,-10.66,18.17,-10.50,0.00,0.83,-0.26,4.75,1100,1100,1100,1100,1024,1509,1498,11012,809
229876,9,0.28,1.36,-0.34,0.049,-0.058,0.988,-4.25,4.85,0.00,0.00,4.25,-4.85,0.00,14.88,-16.97,14.60,-18.33,0.00,0.49,-1.34,6.47,1100,1100,1100,1100,1024,1509,1498,10996,809
229889,9,0.36,-0.55,-0.36,0.044,-0.045,0.977,-3.77,4.59,0.00,0.00,3.77,-4.59,0.00,13.18,-16.07,12.82,-15.52,0.00,0.36,-0.31,4.68,1100,1100,1100,1100,1023,1509,1498,10979,809
229901,9,0.50,-1.03,0.23,-0.002,-0.059,0.959,-3.83,2.15,0.00,0.00,3.83,-2.15,0.00,13.41,-7.53,12.91,-6.50,0.00,0.26,0.31,-5.79,1100,1100,1100,1100,1024,1509,1498,10962,809
229912,9,-0.44,-0.84,-0.22,0.036,-0.060,0.991,-4.50,1.76,0.00,0.00,4.50,-1.76,0.00,15.76,-6.16,16.20,-5.32,0.00,0.85,0.16,5.34,1100,1100,1100,1100,1024,1509,1498,10962,809
229924,9,-0.19,-0.54,-0.48,0.086,-0.121,0.954,-5.69,4.06,0.00,0.00,5.69,-4.06,0.00,19.91,-14.23,20.10,-13.68,0.00,0.88,-0.54,7.88,1100,1100,1100,1100,1023,1509,1498,10946,809
229936,9,-0.45,-0.49,-0.58,0.115,0.026,0.903,-4.15,5.72,0.00,0.00,4.15,-5.72,0.00,14.52,-20.02,14.97,-19.53,0.00,0.76,-0.99,8.65,1100,1100,1100,1100,1023,1509,1498,10921,809
229949,9,-0.21,-1.19,-0.10,0.082,-0.107,0.989,-4.47,6.52,0.00,0.00,4.47,-6.52,0.00,15.66,-22.81,15.86,-21.62,0.00,0.70,-0.92,0.90,1100,1100,1100,1100,1024,1509,1498,10908,809
229961,9,-0.55,0.27,-0.09,-0.037,-0.180,1.001,-6.33,6.37,0.00,0.00,6.33,-6.37,0.00,22.16,-22.31,22.70,-22.58,0.00,1.13,-1.53,2.78,1100,1100,1100,1100,1024,1509,1498,10925,809
229972,9,-1.18,1.39,-0.62,-0.012,-0.037,1.066,-5.08,3.15,0.00,0.00,5.08,-3.15,0.00,17.80,-11.04,18.97,-12.43,0.00,1.23,-1.32,12.33,1100,1100,1100,1100,1024,1509,1498,10929,809
229984,9,-0.23,5.66,0.86,-0.102,-0.079,1.092,-4.46,2.44,0.00,0.00,4.46,-2.44,0.00,15.63,-8.52,15.86,-14.18,0.00,0.74,-2.78,-15.36,1100,1100,1100,1100,1024,1509,1498,10946,809
229996,9,0.75,1.08,0.11,-0.085,-0.113,0.989,-4.81,-0.15,0.00,0.00,4.81,0.15,0.00,16.84,0.51,16.09,-0.57,0.00,0.34,0.57,4.30,1100,1100,1100,1100,1024,1509,1498,10950,809
230009,9,0.46,1.39,-1.61,-0.046,-0.105,1.041,-5.17,1.40,0.00,0.00,5.17,-1.40,0.00,18.10,-4.91,17.63,-6.29,0.00,0.49,-0.28,27.68,1100,1100,1100,1100,1024,1509,1498,10954,809
230021,9,-1.02,1.22,0.36,-0.061,-0.070,0.971,-3.62,0.80,0.00,0.00,3.62,-0.80,0.00,12.68,-2.81,13.69,-4.03,0.00,0.98,0.05,-19.05,1100,1100,1100,1100,1024,1508,1499,10950,809
230032,9,0.26,-0.31,2.95,0.094,-0.056,0.937,-3.63,3.76,0.00,0.00,3.63,-3.76,0.00,12.70,-13.18,12.43,-12.87,0.00,0.34,-0.11,-49.31,1100,1100,1100,1100,1024,1508,1499,10954,809
230044,9,0.50,2.08,-1.30,-0.079,-0.080,1.135,-4.16,1.62,0.00,0.00,4.16,-1.62,0.00,14.55,-5.68,14.06,-7.76,0.00,0.39,-0.91,33.09,1100,1100,1100,1100,1023,1508,1499,10954,809
230056,9,-1.85,0.72,-1.76,0.034,-0.142,0.948,-5.59,0.77,0.00,0.00,5.59,-0.77,0.00,19.57,-2.69,21.42,-3.42,0.00,1.69,-0.03,18.54,1100,1100,1100,1100,1023,1508,1499,10950,809
230069,9,-1.59,1.28,2.46,-0.021,-0.042,0.949,-5.80,2.79,0.00,0.00,5.80,-2.79,0.00,20.28,-9.76,21.87,-11.05,0.00,1.40,-0.98,-48.72,1100,1100,1100,1100,1024,1508,1499,10954,809
230081,9,0.61,2.41,-0.69,-0.042,-0.115,1.094,-4.71,2.04,0.00,2.70,4.71,0.66,0.00,16.47,2.32,15.86,-0.09,0.00,0.42,-0.86,20.45,1100,1100,1100,1100,1000,1508,1530,10954,809
230093,9,-0.49,3.38,0.21,-0.103,-0.030,1.026,-4.83,1.51,0.00,2.70,4.83,1.19,0.00,16.89,4.15,17.38,0.77,0.00,0.99,-1.06,-6.47,1100,1100,1100,1100,1000,1508,1530,10950,809
230104,9,-1.21,-0.65,-0.68,-0.085,-0.082,1.133,-3.95,-0.08,0.00,0.00,3.95,0.08,0.00,13.84,0.30,15.04,0.95,0.00,0.99,0.37,13.32,1100,1100,1100,1100,1023,1508,1499,10946,809
230116,9,2.16,0.60,0.58,-0.067,-0.118,0.989,-4.41,0.57,0.00,0.00,4.41,-0.57,0.00,15.45,-2.01,13.29,-2.60,0.00,-0.45,-0.40,-23.29,1100,1100,1100,1100,1023,1508,1499,10950,809
230129,9,2.15,-2.83,1.88,-0.010,0.095,0.983,-3.43,0.78,0.00,0.00,3.43,-0.78,0.00,12.01,-2.74,9.85,0.09,0.00,-0.49,1.34,-30.21,1100,1100,1100,1100,1023,1508,1499,10962,809
230141,9,-2.38,1.35,-1.02,-0.106,-0.118,1.061,-3.71,-1.33,0.00,0.00,3.71,1.33,0.00,13.00,4.65,15.38,3.30,0.00,1.34,-0.09,21.05,1100,1100,1100,1100,1024,1508,1499,10966,809
230152,9,2.67,-3.50,0.21,-0.023,-0.087,0.986,-3.73,1.30,0.00,0.00,3.73,-1.30,0.00,13.06,-4.54,10.39,-1.04,0.00,-0.62,1.30,-2.82,1100,1100,1100,1100,1024,1508,1499,10958,809
230164,9,-5.53,0.35,-1.22,0.171,-0.149,0.922,-4.34,5.49,0.00,0.00,4.34,-5.49,0.00,15.19,-19.23,20.73,-19.57,0.00,3.41,-1.44,15.83,1100,1100,1100,1100,1024,1508,1499,10958,809
230176,9,-2.54,2.47,1.92,-0.003,-0.137,0.942,-4.88,4.13,0.00,0.00,4.88,-4.13,0.00,17.08,-14.45,19.62,-16.92,0.00,1.78,-1.78,-34.90,1100,1100,1100,1100,1024,1508,1499,10962,809
230189,9,-3.72,0.80,-1.83,0.120,0.043,1.102,-2.80,4.47,0.00,0.00,2.80,-4.47,0.00,9.81,-15.64,13.53,-16.44,0.00,2.05,-1.33,37.40,1100,1100,1100,1100,1024,1508,1499,10966,809
230201,9,-0.64,1.15,1.89,0.017,-0.170,0.870,-5.29,3.22,0.00,0.00,5.29,-3.22,0.00,18.52,-11.26,19.16,-12.40,0.00,1.37,-1.06,-30.80,1100,1100,1100,1100,1024,1508,1499,10966,809
230212,9,-3.18,2.92,-2.58,0.100,0.028,1.069,-4.40,3.77,0.00,0.00,4.40,-3.77,0.00,15.41,-13.21,18.60,-16.13,0.00,2.42,-2.57,45.04,1100,1100,1100,1100,1024,1508,1499,10962,809
230224,9,-1.86,2.86,3.67,-0.012,-0.170,0.861,-5.30,4.81,0.00,0.00,5.30,-4.81,0.00,18.54,-16.84,20.40,-19.70,0.00,1.67,-2.54,-69.37,1100,1100,1100,1100,1024,1508,1499,10962,809
230236,9,-3.45,4.67,-1.72,0.007,0.157,1.257,-2.81,2.62,0.00,0.00,2.81,-2.62,0.00,9.84,-9.16,13.30,-13.83,0.00,1.80,-2.84,32.87,1100,1100,1100,1100,1024,1508,1499,10962,809
230249,9,2.60,1.48,2.57,-0.087,-0.215,1.024,-4.59,1.54,0.00,0.00,4.59,-1.54,0.00,16.07,-5.39,13.46,-6.88,0.00,-0.38,-1.04,-42.88,1100,1100,1100,1100,1024,1508,1499,10962,809
230261,9,-4.86,7.36,-1.72,-0.046,-0.013,1.110,-3.85,0.53,0.00,0.00,3.85,-0.53,0.00,13.48,-1.85,18.34,-9.20,0.00,3.02,-3.73,32.56,1100,1100,1100,1100,1024,1508,1499,10962,809
230272,9,6.69,-3.99,1.65,0.089,0.116,0.857,-2.76,3.32,0.00,0.00,2.76,-3.32,0.00,9.68,-11.62,2.98,-7.63,0.00,-2.70,1.52,-26.31,1100,1100,1100,1100,1024,1508,1499,10966,809
230284,9,-7.69,1.77,-1.12,0.047,-0.145,1.142,-3.77,3.67,0.00,0.00,3.77,-3.67,0.00,13.20,-12.85,20.89,-14.62,0.00,4.09,-1.22,16.49,1100,1100,1100,1100,1024,1507,1500,10971,809
230297,9,4.68,-5.15,0.16,0.217,0.316,0.999,-0.91,6.44,0.00,0.00,0.91,-6.44,0.00,3.18,-22.54,-1.50,-17.39,0.00,-2.40,1.33,2.24,1100,1100,1100,1100,1024,1499,1500,10975,809
230309,9,2.90,-8.33,1.06,0.316,-0.297,0.847,-5.87,8.54,0.00,0.00,5.87,-8.54,0.00,20.56,-29.89,17.66,-21.56,0.00,-0.63,1.69,-29.14,1100,1100,1100,1100,1017,1499,1515,10962,809
230321,9,-4.40,2.59,-2.18,0.075,0.146,1.048,-3.36,4.48,0.00,0.00,3.36,-4.48,0.00,11.77,-15.68,16.18,-18.27,0.00,2.61,-1.84,53.82,1100,1100,1100,1100,1023,1507,1500,10962,809
230333,9,3.90,-0.37,0.85,0.066,0.326,0.741,-0.15,0.82,0.00,0.00,0.15,-0.82,0.00,0.53,-2.86,-3.38,-2.49,0.00,-1.79,0.97,-20.71,1100,1100,1100,1100,1023,1507,1500,10958,809
230344,9,-2.08,1.56,-2.19,-0.161,-0.473,1.301,-6.22,-0.73,0.00,0.00,6.22,0.73,0.00,21.78,2.54,23.86,0.98,0.00,1.76,-0.22,47.67,1100,1100,1100,1100,1024,1506,1501,10962,809
230356,9,-3.50,7.77,2.10,-0.052,0.011,0.862,-3.06,3.92,0.00,0.00,3.06,-3.92,0.00,10.70,-13.72,14.20,-21.50,0.00,2.01,-4.55,-44.28,1100,1100,1100,1100,1024,1507,1501,10962,809
230369,9,8.60,-6.79,-1.99,-0.082,-0.047,1.120,-4.03,4.03,0.00,0.00,4.03,-4.03,0.00,14.11,-14.10,5.50,-7.32,0.00,-3.30,2.41,35.07,1100,1100,1100,1100,1024,1507,1500,10971,809
230381,9,-5.40,-4.59,2.80,-0.020,-0.157,0.762,-3.88,4.99,0.00,0.00,3.88,-4.99,0.00,13.56,-17.47,18.96,-12.88,0.00,3.19,0.71,-55.13,1100,1100,1100,1100,1024,1507,1500,10971,809
230392,9,-3.02,6.34,-1.53,-0.261,-0.087,1.274,-4.24,0.04,0.00,0.00,4.24,-0.04,0.00,14.84,-0.12,17.86,-6.46,0.00,2.20,-3.23,24.18,1100,1100,1100,1100,1024,1507,1500,10979,809
230404,9,1.77,7.25,-0.87,-0.234,-0.265,1.274,-4.14,-4.83,0.00,3.42,4.14,8.25,0.00,14.50,28.89,12.73,21.64,0.00,-0.57,-0.84,20.54,1100,1100,1100,1100,1000,1502,1538,10979,809
230417,9,-6.81,-0.08,-1.05,0.316,0.136,0.688,-1.76,3.05,0.00,3.42,1.76,0.37,0.00,6.15,1.31,12.96,1.39,0.00,3.46,1.74,14.08,1100,1100,1100,1100,1000,1507,1538,10971,809
230429,9,6.18,-3.18,-2.51,0.062,-0.106,1.065,-4.38,2.94,0.00,0.00,4.38,-2.94,0.00,15.34,-10.27,9.16,-7.10,0.00,-2.55,1.34,47.77,1100,1100,1100,1100,1024,1507,1500,10958,809
230441,9,-2.93,0.95,0.08,-0.101,-0.225,0.852,-6.56,8.61,0.00,0.00,6.56,-8.61,0.00,22.96,-30.13,25.89,-31.07,0.00,2.31,-3.30,-8.82,1100,1100,1100,1100,1024,1507,1500,10962,809
230452,9,1.23,-2.39,0.15,0.232,-0.048,1.065,-6.09,11.65,0.00,0.00,6.09,-11.65,0.00,21.32,-40.78,20.09,-38.40,0.00,0.80,-1.79,-2.12,1100,1100,1100,1100,1024,1507,1500,10971,809
230464,9,-3.29,-0.98,3.68,-0.084,0.115,0.868,-2.62,3.50,0.00,0.00,2.62,-3.50,0.00,9.17,-12.26,12.46,-11.28,0.00,1.58,-0.32,-68.64,1100,1100,1100,1100,1024,1507,1500,10971,809
230476,9,1.41,-5.49,-1.99,-0.103,-0.284,1.105,-5.34,-0.95,0.00,0.00,5.34,0.95,0.00,18.69,3.31,17.28,8.80,0.00,0.23,3.49,37.12,1100,1100,1100,1100,1024,1507,1500,10979,809
230489,9,-3.89,14.39,-1.60,-0.069,-0.508,1.069,-4.41,6.71,0.00,0.00,4.41,-6.71,0.00,15.44,-23.49,19.33,-37.88,0.00,1.86,-7.62,37.43,1100,1100,1100,1100,1024,1507,1500,10979,809
230501,9,-5.15,4.33,-0.20,0.175,0.199,0.822,-0.99,9.16,0.00,0.00,0.99,-9.16,0.00,3.47,-32.04,8.61,-36.38,0.00,2.63,-4.09,1.09,1100,1100,1100,1100,1024,1501,1506,10975,809
230512,9,15.76,-3.15,0.44,-0.287,0.204,1.372,-1.20,-0.32,0.00,0.00,1.20,0.32,0.00,4.20,1.14,-11.56,4.29,0.00,-7.60,2.03,-6.61,1100,1100,1100,1100,1024,1501,1506,10979,809
230524,9,-0.64,-3.63,2.94,-0.357,-0.257,1.061,-0.94,-2.64,0.00,0.00,0.94,2.64,0.00,3.28,9.26,3.92,12.89,0.00,0.69,2.44,-57.32,1100,1100,1100,1100,1024,1506,1501,10979,809
230536,9,-5.14,-1.41,-1.79,0.159,-0.216,1.203,-5.36,0.18,0.00,0.00,5.36,-0.18,0.00,18.75,-0.64,23.89,0.77,0.00,3.86,1.14,37.07,1100,1100,1100,1100,1024,1507,1501,10983,809
230549,9,-5.83,8.51,-1.25,0.011,0.203,0.783,0.18,0.23,0.00,0.00,-0.18,-0.23,0.00,-0.62,-0.81,5.21,-9.31,0.00,2.12,-3.45,27.73,1100,1100,1100,1100,1023,1507,1500,10971,809
230561,9,-1.74,0.02,-1.59,0.119,0.209,0.942,0.25,1.69,0.00,0.00,-0.25,-1.69,0.00,-0.89,-5.92,0.86,-5.95,0.00,1.08,0.34,29.08,1100,1100,1100,1100,1024,1507,1500,10966,809
230573,9,8.47,4.74,-0.66,-0.173,-0.536,1.217,-5.64,2.57,0.00,0.00,5.64,-2.57,0.00,19.74,-8.98,11.27,-13.73,0.00,-3.53,-2.40,7.98,1100,1100,1100,1100,1024,1507,1500,10971,809
230584,9,-4.34,-1.12,0.52,-0.074,0.141,0.871,0.14,4.20,0.00,0.00,-0.14,-4.20,0.00,-0.49,-14.68,3.84,-13.56,0.00,2.02,-0.33,-18.32,1100,1100,1100,1100,1004,1506,1520,10966,809
230596,9,15.94,-12.93,0.20,-0.078,-0.064,1.196,-6.14,0.65,0.00,0.00,6.14,-0.65,0.00,21.49,-2.28,5.55,10.65,0.00,-6.33,6.42,-7.81,1100,1100,1100,1100,1004,1506,1520,10962,809
230609,9,-5.99,6.28,-0.69,-0.523,-0.358,1.170,-3.82,-2.75,0.00,0.00,3.82,2.75,0.00,13.36,9.64,19.35,3.36,0.00,2.71,-2.07,10.71,1100,1100,1100,1100,1023,1506,1501,10966,809
230621,9,-8.05,5.26,0.61,0.141,0.138,1.056,-3.36,-2.00,0.00,0.00,3.36,2.00,0.00,11.78,6.99,19.83,1.73,0.00,4.83,-1.02,-5.16,1100,1100,1100,1100,1024,1506,1501,10966,809
230632,9,8.66,2.78,3.58,0.031,-0.112,1.022,-3.71,-3.23,0.00,0.00,3.71,3.23,0.00,12.97,11.29,4.31,8.51,0.00,-4.26,1.08,-61.89,1100,1100,1100,1100,1024,1506,1501,10966,809
230644,9,-1.57,-3.31,-0.49,-0.182,0.202,1.012,0.84,0.71,0.00,0.00,-0.84,-0.71,0.00,-2.94,-2.48,-1.37,0.83,0.00,0.91,1.92,19.91,1100,1100,1100,1100,1024,1505,1502,10971,814
230656,9,5.41,7.53,0.25,-0.261,-0.303,1.205,-2.97,1.25,0.00,0.00,2.97,-1.25,0.00,10.40,-4.37,4.99,-11.90,0.00,-1.75,-2.63,-6.06,1100,1100,1100,1100,1024,1506,1502,10966,814
230669,9,-14.14,9.13,-4.69,0.290,-0.106,0.694,0.26,8.55,0.00,0.00,-0.26,-8.55,0.00,-0.91,-29.91,13.23,-39.05,0.00,6.37,-5.33,84.14,1100,1100,1100,1100,1024,1506,1501,10962,814
230681,9,-0.72,-14.73,-0.05,0.460,0.320,0.710,0.33,16.65,0.00,0.00,-0.33,-16.65,0.00,-1.16,-58.28,-0.43,-43.55,0.00,0.57,3.91,1.36,1100,1100,1100,1100,1024,1506,1501,10966,814
230692,9,8.77,-6.30,1.37,-0.096,-0.079,0.948,-3.52,6.63,0.00,0.00,3.52,-6.63,0.00,12.31,-23.22,3.55,-16.92,0.00,-4.30,1.53,-39.24,1100,1100,1100,1100,1024,1506,1501,10962,814
230705,9,1.99,-5.11,1.08,0.044,0.140,1.088,-4.03,5.83,0.00,0.00,4.03,-5.83,0.00,14.09,-20.39,12.10,-15.29,0.00,-0.09,-0.01,-17.78,1100,1100,1100,1100,1024,1505,1502,10975,814
230716,9,7.46,-8.18,2.99,0.079,-0.191,0.797,-7.10,2.22,0.00,0.00,7.10,-2.22,0.00,24.85,-7.76,17.39,0.43,0.00,-2.59,3.59,-60.97,1100,1100,1100,1100,1024,1506,1502,10971,814
230729,9,-10.50,3.48,-3.99,-0.093,-0.365,0.998,-6.23,6.65,0.00,0.00,6.23,-6.65,0.00,21.79,-23.28,32.29,-26.76,0.00,5.71,-3.59,83.33,1100,1100,1100,1100,1024,1506,1501,10971,814
230741,9,-0.68,5.28,1.35,-0.102,-0.260,1.054,-6.40,8.92,0.00,0.00,6.40,-8.92,0.00,22.40,-31.22,23.08,-36.50,0.00,1.22,-4.77,-26.42,1100,1100,1100,1100,1024,1506,1501,10966,809
230752,9,4.10,-0.96,-1.34,-0.058,-0.015,0.955,-4.47,4.74,0.00,0.00,4.47,-4.74,0.00,15.64,-16.58,11.55,-15.62,0.00,-1.94,-0.32,19.46,1100,1100,1100,1100,1024,1506,1501,10975,809
230764,9,2.89,-11.02,1.10,0.259,0.231,0.909,-1.58,11.99,0.00,0.00,1.58,-11.99,0.00,5.54,-41.98,2.66,-30.95,0.00,-0.86,2.64,-22.36,1100,1100,1100,1100,1024,1505,1502,10971,809
230777,9,4.04,-20.56,-0.35,0.407,-0.083,0.452,-4.30,19.26,0.00,0.00,4.30,-19.26,0.00,15.06,-67.40,11.02,-46.84,0.00,-0.87,5.03,-11.47,1100,1100,1100,1100,1024,1506,1502,10962,809
230789,9,-1.09,12.83,-1.44,-0.134,-0.285,1.254,-3.81,12.52,0.00,0.00,3.81,-12.52,0.00,13.35,-43.83,14.44,-56.65,0.00,1.26,-9.33,23.75,1100,1100,1100,1100,1024,1506,1501,10962,809
230801,9,-5.10,6.69,3.36,0.246,0.213,0.852,-0.26,15.67,0.00,0.00,0.26,-15.67,0.00,0.90,-54.83,5.99,-61.52,0.00,2.38,-6.25,-66.08,1100,1100,1100,1100,1024,1506,1501,10954,809
230813,9,0.22,-9.21,-2.92,0.433,0.050,0.732,-3.46,17.41,0.00,0.00,3.46,-17.41,0.00,12.12,-60.92,11.90,-51.71,0.00,0.50,1.51,56.72,1100,1100,1100,1100,1024,1506,1501,10962,809
230824,9,-6.59,2.12,-1.42,0.008,-0.071,1.086,-3.58,10.25,0.00,0.00,3.58,-10.25,0.00,12.52,-35.87,19.11,-37.99,0.00,3.26,-3.03,33.22,1100,1100,1100,1100,1024,1505,1502,10962,809
230836,9,-1.72,-2.43,-0.63,0.147,0.138,0.750,-0.56,11.32,0.00,0.00,0.56,-11.32,0.00,1.96,-39.63,3.69,-37.20,0.00,1.20,-1.08,0.31,1100,1100,1100,1100,1024,1506,1502,10962,809
230849,9,14.97,-0.46,-0.17,-0.071,-0.365,1.115,-4.77,4.96,0.00,0.00,4.77,-4.96,0.00,16.70,-17.37,1.73,-16.91,0.00,-6.51,-0.21,0.35,1100,1100,1100,1100,1024,1506,1501,10966,809
230861,9,-1.25,-6.56,1.08,-0.299,-0.097,0.885,-3.17,8.74,0.00,0.00,3.17,-8.74,0.00,11.08,-30.58,12.33,-24.01,0.00,1.17,0.97,-25.97,1100,1100,1100,1100,1024,1506,1501,10966,809
230872,9,-7.17,-0.92,-1.47,0.176,-0.213,1.150,-5.72,11.69,0.00,0.00,5.72,-11.69,0.00,20.03,-40.92,27.19,-40.01,0.00,4.93,-2.29,26.87,1100,1100,1100,1100,1024,1506,1501,10962,809
230884,9,-11.76,18.51,0.78,-0.156,-0.300,1.039,-3.67,4.90,0.00,0.00,3.67,-4.90,0.00,12.85,-17.13,24.61,-35.65,0.00,5.59,-9.86,-11.29,1100,1100,1100,1100,1024,1505,1503,10962,809
230896,9,4.53,-1.56,-1.12,-0.000,0.266,1.043,-1.43,0.52,0.00,0.00,1.43,-0.52,0.00,5.01,-1.82,0.48,-0.26,0.00,-1.84,1.56,22.00,1100,1100,1100,1100,1024,1505,1503,10962,809
230909,9,16.97,4.20,1.09,-0.660,-0.216,1.522,-7.00,-4.97,0.00,0.00,7.00,4.97,0.00,24.50,17.40,7.53,13.19,0.00,-7.58,0.63,-16.78,1100,1100,1100,1100,1028,1505,1501,10962,809
230921,9,-8.34,-1.15,2.96,-0.440,-0.302,1.207,-4.45,-6.15,0.00,0.00,4.45,6.15,0.00,15.57,21.52,23.91,22.68,0.00,4.48,2.99,-54.49,1100,1100,1100,1100,1033,1505,1502,10962,809
230932,9,5.08,-8.94,1.25,0.172,-0.081,1.083,-6.47,-2.00,0.00,0.00,6.47,2.00,0.00,22.65,7.01,17.57,15.94,0.00,-0.99,5.98,-17.58,1100,1100,1100,1100,1033,1505,1502,10962,809
230945,9,-6.16,13.00,-2.83,-0.240,-0.234,1.062,-2.86,-0.44,0.00,0.00,2.86,0.44,0.00,10.00,1.55,16.15,-11.45,0.00,2.73,-5.18,57.84,1100,1100,1100,1100,1033,1504,1503,10966,811
230956,9,-11.79,6.80,-1.53,0.317,0.083,0.897,-2.27,2.23,0.00,0.00,2.27,-2.23,0.00,7.95,-7.80,19.74,-14.60,0.00,6.59,-2.67,29.18,1100,1100,1100,1100,1033,1505,1503,10971,811
230969,9,8.46,12.61,1.83,-0.209,-0.297,1.247,-5.21,-5.02,0.00,0.00,5.21,5.02,0.00,18.25,17.55,9.79,4.94,0.00,-3.80,-3.06,-38.35,1100,1100,1100,1100,1035,1505,1502,10971,811
230981,9,-4.72,-5.01,1.83,-0.021,0.371,0.927,0.80,-1.02,0.00,0.00,-0.80,1.02,0.00,-2.79,3.58,1.94,8.60,0.00,2.05,3.69,-34.99,1100,1100,1100,1100,1036,1505,1502,10971,811
230992,9,13.01,-6.92,0.82,-0.363,-0.161,1.265,-4.71,-7.02,0.00,0.00,4.71,7.02,0.00,16.48,24.56,3.47,31.48,0.00,-5.18,6.35,-7.99,1100,1100,1100,1100,1036,1505,1502,10962,811
231004,9,-5.03,15.49,-1.46,-0.331,-0.611,1.086,-4.07,-2.48,0.00,0.00,4.07,2.48,0.00,14.25,8.68,19.28,-6.82,0.00,2.44,-6.30,35.56,1100,1100,1100,1100,1048,1504,1503,10962,811
231016,9,-7.09,4.21,-0.24,0.281,-0.059,1.032,-5.27,2.09,0.00,0.00,5.27,-2.09,0.00,18.45,-7.30,25.54,-11.50,0.00,4.15,-0.85,10.80,1100,1100,1100,1100,1048,1505,1503,10966,811
231029,9,5.88,-4.55,-0.05,0.417,0.219,0.616,1.50,10.94,0.00,0.00,-1.50,-10.94,0.00,-5.24,-38.29,-11.12,-33.74,0.00,-3.60,1.35,-6.22,1100,1100,1100,1100,1051,1505,1502,10962,811
231041,9,-2.02,-11.14,-0.23,0.178,0.570,0.789,5.38,11.22,0.00,0.00,-5.38,-11.22,0.00,-18.84,-39.27,-16.82,-28.13,0.00,0.02,2.68,3.71,1100,1100,1100,1100,1056,1505,1502,10962,813
231052,9,3.88,-0.57,4.73,0.020,-0.171,1.238,-1.75,5.14,0.00,0.00,1.75,-5.14,0.00,6.11,-18.00,2.23,-17.43,0.00,-1.52,-0.65,-88.94,1100,1100,1100,1100,1056,1505,1502,10958,813
231065,9,-5.24,8.82,-2.73,0.031,-0.495,0.928,-4.31,2.42,0.00,0.00,4.31,-2.42,0.00,15.09,-8.45,20.32,-17.27,0.00,2.73,-4.56,54.33,1100,1100,1100,1100,1056,1504,1503,10962,813
231076,9,-4.19,4.62,-0.23,-0.198,-0.152,1.140,-5.18,0.69,0.00,0.00,5.18,-0.69,0.00,18.13,-2.42,22.32,-7.04,0.00,2.95,-2.51,13.81,1100,1100,1100,1100,1056,1505,1503,10962,813
231089,9,6.49,0.04,-0.82,0.034,0.049,0.876,-3.81,2.33,0.00,2.34,3.81,0.01,0.00,13.35,0.05,6.86,0.01,0.00,-2.84,0.43,6.65,1100,1100,1100,1100,1037,1505,1526,10962,813
231101,9,-9.48,-2.83,-0.73,0.241,0.052,1.099,-2.13,6.25,0.00,0.00,2.13,-6.25,0.00,7.47,-21.87,16.95,-19.04,0.00,5.02,0.33,17.86,1100,1100,1100,1100,1065,1505,1502,10966,813
231113,9,2.57,-4.98,3.67,0.394,-0.195,0.644,-6.37,9.26,0.00,0.00,6.37,-9.26,0.00,22.29,-32.42,19.72,-27.45,0.00,-0.11,0.90,-73.91,1100,1100,1100,1100,1065,1505,1502,10962,813
231124,9,11.21,-3.48,-1.11,-0.264,-0.040,1.175,-3.96,3.43,0.00,0.00,3.96,-3.43,0.00,13.86,-12.01,2.64,-8.54,0.00,-4.92,1.21,27.20,1100,1100,1100,1100,1082,1500,1507,10975,813
231136,9,6.06,-3.05,3.42,-0.301,0.014,1.158,-4.03,5.35,0.00,0.00,4.03,-5.35,0.00,14.12,-18.71,8.05,-15.67,0.00,-2.17,0.77,-60.27,1100,1100,1100,1100,1082,1505,1507,10971,813
231149,9,-8.50,7.32,-3.65,0.134,-0.049,0.929,-5.00,5.92,0.00,0.00,5.00,-5.92,0.00,17.49,-20.71,26.00,-28.03,0.00,4.60,-3.99,64.09,1100,1100,1100,1100,1089,1505,1502,10975,813
231161,9,-7.88,0.13,-1.26,0.384,-0.151,0.960,-6.21,9.85,0.00,0.00,6.21,-9.85,0.00,21.72,-34.48,29.60,-34.61,0.00,4.17,-1.34,33.20,1100,1100,1100,1100,1093,1505,1502,10979,813
231173,9,-1.87,-2.06,1.67,0.259,0.157,0.525,-2.24,8.79,0.00,0.00,2.24,-8.79,0.00,7.83,-30.75,9.70,-28.69,0.00,1.03,-0.10,-34.19,1100,1100,1100,1100,1093,1505,1502,10979,813
231184,9,13.82,-0.26,-0.34,-0.188,0.176,1.344,-2.06,0.60,0.00,0.00,2.06,-0.60,0.00,7.20,-2.09,-6.62,-1.83,0.00,-6.35,0.82,10.27,1100,1100,1100,1100,1094,1503,1504,10979,813
231196,9,1.82,-3.25,5.53,-0.078,0.211,1.048,-1.66,-2.49,0.00,0.00,1.66,2.49,0.00,5.81,8.73,3.99,11.98,0.00,-0.69,2.73,-102.03,1100,1100,1100,1100,1094,1504,1504,10971,813
231209,9,0.01,-13.23,0.98,0.284,-0.037,0.829,-4.19,3.52,0.00,0.00,4.19,-3.52,0.00,14.67,-12.32,14.66,0.91,0.00,0.71,5.76,-23.46,1100,1100,1100,1100,1100,1504,1503,10966,813
231221,9,7.73,-0.88,-2.43,-0.207,-0.439,1.136,-6.57,-2.46,0.00,2.70,6.57,5.16,0.00,22.98,18.07,15.26,18.95,0.00,-3.30,1.14,55.45,1100,1100,1100,1100,1081,1500,1530,10966,813
231233,9,-5.98,11.22,0.82,-0.498,-0.167,1.074,-5.84,-5.10,0.00,2.70,5.84,7.80,0.00,20.44,27.28,26.43,16.06,0.00,3.62,-4.92,-15.60,1100,1100,1100,1100,1081,1500,1530,10958,813
231244,9,3.80,0.21,-1.13,0.108,0.040,1.228,-4.50,-3.60,0.00,0.00,4.50,3.60,0.00,15.76,12.59,11.95,12.37,0.00,-1.15,1.58,23.34,1100,1100,1100,1100,1108,1503,1504,10958,808
231256,9,-7.39,6.38,2.08,0.078,0.074,0.845,-1.34,0.67,0.00,0.00,1.34,-0.67,0.00,4.68,-2.35,12.07,-8.74,0.00,3.10,-2.46,-37.70,1100,1100,1100,1100,1108,1504,1504,10962,808
231269,9,6.75,-13.98,-0.56,0.274,0.023,0.848,-1.23,7.04,0.00,0.00,1.23,-7.04,0.00,4.32,-24.65,-2.43,-10.67,0.00,-2.37,5.85,7.77,1100,1100,1100,1100,1108,1504,1503,10962,808
231281,9,9.40,7.33,-1.30,-0.103,-0.612,1.195,-3.06,8.10,0.00,0.00,3.06,-8.10,0.00,10.72,-28.34,1.32,-35.67,0.00,-4.32,-4.16,27.36,1100,1100,1100,1100,1121,1504,1503,10962,808
231292,9,-11.33,3.66,0.86,0.067,0.187,0.793,0.68,17.34,0.00,0.00,-0.68,-17.34,0.00,-2.40,-60.68,8.93,-64.34,0.00,5.56,-5.42,-23.27,1100,1100,1100,1100,1121,1504,1503,10962,808
231304,9,6.90,-11.62,-2.05,0.338,0.469,0.951,3.43,12.43,0.00,0.00,-3.43,-12.43,0.00,-12.00,-43.51,-18.90,-31.89,0.00,-3.62,4.32,30.94,1100,1100,1100,1100,1121,1503,1504,10962,808
231317,9,-7.20,-1.90,0.07,0.211,-0.021,0.762,-0.19,12.33,0.00,0.00,0.19,-12.33,0.00,0.67,-43.15,7.87,-41.26,0.00,2.76,-1.16,-6.62,1100,1100,1100,1100,1121,1505,1504,10958,808
231329,9,6.84,-11.40,0.65,0.447,0.080,0.847,-2.13,13.73,0.00,0.00,2.13,-13.73,0.00,7.44,-48.05,0.61,-36.65,0.00,-2.21,3.02,-22.78,1100,1100,1100,1100,1129,1505,1502,10958,808
231341,9,9.23,2.94,2.54,-0.178,-0.438,1.090,-7.68,4.00,0.00,0.00,7.68,-4.00,0.00,26.87,-14.01,17.65,-16.94,0.00,-3.99,-1.24,-54.58,1100,1100,1100,1100,1129,1504,1503,10971,808
231352,9,-0.11,-0.75,1.15,-0.220,0.322,0.884,1.23,6.56,0.00,0.00,-1.23,-6.56,0.00,-4.30,-22.95,-4.19,-22.19,0.00,0.15,-0.98,-21.53,1100,1100,1100,1100,1129,1504,1503,10971,808
231364,9,12.62,-6.18,-0.62,-0.178,-0.198,1.298,-6.50,0.22,0.00,0.00,6.50,-0.22,0.00,22.76,-0.77,10.14,5.41,0.00,-4.87,3.98,20.18,1100,1100,1100,1100,1133,1503,1503,10975,808
231376,9,-20.22,11.26,-2.85,0.051,-0.267,1.026,-4.18,2.85,0.00,0.00,4.18,-2.85,0.00,14.62,-9.97,34.84,-21.23,0.00,9.36,-4.52,61.60,1100,1100,1100,1100,1133,1504,1503,10966,808
231389,9,-3.85,-7.14,0.34,0.738,0.218,0.650,-2.26,8.51,0.00,0.00,2.26,-8.51,0.00,7.91,-29.78,11.76,-22.64,0.00,2.58,2.88,-3.77,1100,1100,1100,1100,1133,1504,1502,10966,808
231401,9,18.96,-4.64,3.40,0.031,0.241,0.846,0.41,4.90,0.00,0.00,-0.41,-4.90,0.00,-1.43,-17.16,-20.39,-12.52,0.00,-9.60,2.38,-71.87,1100,1100,1100,1100,1144,1504,1503,10958,808
231412,9,-1.88,-4.17,0.77,-0.041,0.293,0.911,4.99,6.79,0.00,0.00,-4.99,-6.79,0.00,-17.47,-23.75,-15.60,-19.58,0.00,0.68,0.48,-7.51,1100,1100,1100,1100,1144,1504,1503,10962,808
231425,9,3.95,1.84,1.22,0.058,-0.580,1.123,-4.31,6.57,0.00,0.00,4.31,-6.57,0.00,15.08,-23.01,11.13,-24.85,0.00,-0.88,-2.22,-21.04,1100,1100,1100,1100,1155,1504,1503,10958,808
231436,9,-12.17,6.70,-4.40,0.318,-0.066,0.819,-0.23,11.68,0.00,0.00,0.23,-11.68,0.00,0.81,-40.87,12.98,-47.57,0.00,5.39,-5.82,82.39,1100,1100,1100,1100,1155,1504,1503,10962,808
231449,9,-0.19,-9.98,-1.36,0.394,0.559,0.762,3.98,14.17,0.00,0.00,-3.98,-14.17,0.00,-13.92,-49.59,-13.74,-39.61,0.00,-0.09,1.99,21.68,1173,1157,1145,1157,1158,1504,1503,10950,808
231461,9,11.44,-8.45,0.31,-0.186,-0.047,0.816,-0.83,4.93,0.00,0.00,0.83,-4.93,0.00,2.90,-17.25,-8.53,-8.80,0.00,-5.75,2.37,-27.36,1173,1157,1145,1157,1164,1504,1503,10946,808
231472,9,-5.81,-7.66,0.02,-0.042,-0.288,1.063,-3.87,2.66,0.00,0.00,3.87,-2.66,0.00,13.54,-9.33,19.34,-1.67,0.00,3.64,1.42,1.20,1173,1157,1145,1157,1164,1504,1503,10925,808
231485,9,10.17,-0.11,4.88,-0.085,-0.581,1.280,-7.91,1.58,0.00,0.00,7.91,-1.58,0.00,27.67,-5.53,17.50,-5.42,0.00,-3.21,-1.35,-91.17,1173,1157,1145,1157,1167,1502,1505,10912,808
231496,9,0.10,9.08,-1.51,-0.180,-0.350,1.078,-4.99,2.95,0.00,0.00,4.99,-2.95,0.00,17.45,-10.33,17.35,-19.40,0.00,0.39,-5.30,31.50,1173,1157,1145,1157,1167,1503,1505,10900,808
231509,9,-6.09,-6.21,2.96,-0.181,0.329,1.427,-2.86,3.08,0.00,0.00,2.86,-3.08,0.00,10.01,-10.79,16.10,-4.58,0.00,4.23,1.90,-60.29,1173,1157,1145,1157,1168,1503,1504,10883,808
231521,9,4.10,14.23,4.04,-0.607,-0.099,1.483,-3.90,-4.36,0.00,0.00,3.90,4.36,0.00,13.64,15.28,9.54,1.05,0.00,-1.46,-4.23,-85.16,1173,1157,1145,1157,1176,1503,1504,10875,808
231532,9,-5.97,19.99,-2.50,-0.191,-0.087,1.076,-1.23,1.59,0.00,0.00,1.23,-1.59,0.00,4.31,-5.55,10.28,-25.54,0.00,2.63,-9.13,49.10,1173,1157,1145,1157,1176,1503,1504,10875,808
231544,9,1.80,6.40,1.54,-0.268,0.501,1.504,-2.97,0.24,0.00,0.00,2.97,-0.24,0.00,10.41,-0.84,8.61,-7.24,0.00,0.36,-2.83,-19.63,1268,1100,1100,1250,1178,1502,1504,10867,809
231557,9,3.83,11.51,4.35,-0.734,-0.342,1.419,-8.71,-5.11,0.00,0.00,8.71,5.11,0.00,30.49,17.88,26.66,6.36,0.00,-0.71,-2.24,-74.51,1268,1100,1100,1250,1178,1503,1504,10867,809
231569,9,2.48,28.83,0.52,-0.388,-0.186,1.212,-3.57,-0.07,0.00,0.00,3.57,0.07,0.00,12.51,0.26,10.03,-28.57,0.00,-1.40,-13.40,-10.74,1268,1100,1100,1250,1186,1503,1504,10842,809
231581,9,-1.92,-1.13,4.80,-0.502,0.950,1.871,-9.20,10.01,0.00,2.07,9.20,-7.94,0.00,32.20,-27.79,34.12,-26.66,0.00,2.90,-2.42,-100.62,1268,1100,1100,1250,1169,1503,1523,10837,809
231593,9,12.72,-12.10,7.32,-0.870,-0.322,1.849,-13.38,3.76,0.00,2.07,13.38,-1.69,0.00,46.84,-5.90,34.12,6.20,0.00,-4.23,6.52,-146.83,1268,1100,1100,1250,1169,1503,1523,10825,809
231604,9,3.83,9.93,5.64,0.271,0.210,0.710,-17.42,14.36,0.00,0.00,17.42,-14.36,0.00,60.97,-50.27,57.14,-60.20,0.00,-0.34,-5.99,-118.84,1268,1100,1100,1250,1198,1502,1505,10817,809
231617,9,-24.60,-16.38,-4.39,0.439,0.194,0.346,-5.62,12.98,0.00,0.00,5.62,-12.98,0.00,19.67,-45.43,44.27,-29.05,0.00,13.25,6.99,87.33,1268,1100,1100,1250,1198,1503,1505,10833,809
231629,1,22.05,-19.75,-7.01,0.423,-0.098,0.714,-6.31,11.14,0.00,0.00,6.31,-11.14,0.00,22.09,-38.99,0.04,-19.24,0.00,-8.43,10.19,144.35,1268,1100,1100,1250,1200,1503,1504,10825,809
231641,1,15.88,13.85,2.01,-0.131,-0.590,1.283,-3.66,8.59,0.00,0.00,3.66,-8.59,0.00,12.81,-30.08,-3.07,-43.94,0.00,-7.89,-5.71,-45.96,1252,1172,1148,1248,1205,1503,1504,10825,810
231652,1,-15.83,23.98,-0.15,0.115,0.457,0.709,11.66,15.97,0.00,0.00,-11.66,-15.97,0.00,-40.81,-55.93,-24.99,-79.91,0.00,5.19,-15.28,-25.44,1252,1172,1148,1248,1205,1503,1504,10829,810
231664,1,-28.63,-41.72,-8.21,0.005,0.466,0.696,7.35,19.88,0.00,0.00,-7.35,-19.88,0.00,-25.72,-69.63,2.92,-27.91,0.00,14.15,13.43,128.12,1252,1172,1148,1248,1205,1502,1505,10825,810
231677,1,24.31,-24.16,-2.21,0.217,-0.366,1.299,-1.31,19.26,0.00,0.00,1.31,-19.26,0.00,4.57,-67.51,-19.74,-43.35,0.00,-9.88,7.03,-8.80,1252,1172,1148,1248,1205,1503,1505,10825,810
231689,1,20.46,-19.35,-5.41,0.966,-0.378,0.304,19.86,37.56,0.00,0.00,-19.86,-37.56,0.00,-69.56,-131.58,-90.02,-112.24,0.00,-13.17,2.54,47.15,1252,1172,1148,1248,1207,1503,1504,10825,810
231701,1,-1.64,56.02,-0.84,0.553,-0.130,0.568,4.70,32.69,0.00,0.00,-4.70,-32.69,0.00,-16.49,-114.58,-14.85,-170.60,0.00,-0.90,-35.68,-43.82,1252,1172,1148,1248,1217,1503,1504,10821,810
231712,1,-43.87,-52.12,-2.14,0.022,-0.501,0.374,-9.39,29.48,0.00,0.00,9.39,-29.48,0.00,32.83,-103.38,76.70,-51.26,0.00,22.69,14.80,-24.85,1252,1172,1148,1248,1217,1503,1504,10829,810
231725,1,-0.23,-32.21,-7.22,0.534,0.664,-0.044,12.99,23.75,0.00,0.00,-12.99,-23.75,0.00,-45.52,-83.34,-45.29,-51.13,0.00,-0.76,10.87,79.30,1252,1172,1148,1248,1220,1502,1505,10829,810
231737,1,-0.24,22.94,-6.60,-0.918,0.087,2.701,-13.54,10.71,0.00,0.00,13.54,-10.71,0.00,47.38,-37.75,47.62,-60.69,0.00,3.07,-13.75,76.60,1252,1172,1148,1248,1220,1503,1505,10800,810
231749,1,27.01,-19.81,-4.67,1.109,0.518,0.266,-12.53,23.25,0.00,0.00,12.53,-23.25,0.00,43.85,-81.65,16.83,-61.84,0.00,-11.28,3.48,33.59,1248,1204,1210,1266,1232,1503,1504,10775,810
231761,1,14.18,36.90,-1.78,0.540,-0.325,0.806,-12.15,11.18,0.00,0.00,12.15,-11.18,0.00,42.55,-39.40,28.37,-76.30,0.00,-5.22,-18.85,-11.57,1248,1204,1210,1266,1232,1502,1505,10775,810
231772,5,-11.75,-51.33,1.52,0.290,-0.645,-0.091,-45.91,31.63,0.00,0.00,45.91,-31.63,0.00,375.00,-111.01,386.75,-59.68,0.00,19.62,16.38,-82.51,1248,1204,1210,1266,1232,1502,1505,10767,810
231785,1,-15.66,18.73,2.09,-0.664,-0.337,1.290,-25.48,6.57,0.00,0.00,25.48,-6.57,0.00,89.27,-23.33,104.93,-42.06,0.00,10.93,-8.80,-70.32,1248,1204,1210,1266,1233,1501,1506,10758,810
231797,1,-19.50,-21.51,-1.31,-0.205,0.167,0.692,-12.78,15.10,0.00,0.00,12.78,-15.10,0.00,44.84,-53.20,64.34,-31.68,0.00,12.47,7.47,7.65,1248,1204,1210,1266,1233,1502,1506,10771,810
231809,1,1.33,14.03,-6.85,-0.303,0.662,1.644,-4.52,11.05,0.00,0.00,4.52,-11.05,0.00,15.93,-39.02,14.60,-53.05,0.00,1.96,-9.36,120.37,1248,1204,1210,1266,1236,1502,1505,10792,810
231821,1,15.67,5.66,-1.98,0.483,0.123,1.080,-12.90,12.43,0.00,0.00,12.90,-12.43,0.00,45.30,-43.89,29.63,-49.55,0.00,-4.62,-5.50,31.12,1248,1204,1210,1266,1240,1502,1504,10808,810
231833,1,20.17,7.00,-1.40,0.852,1.124,0.928,0.36,9.31,0.00,0.00,-0.36,-9.31,0.00,-1.11,-32.96,-21.27,-39.96,0.00,-8.38,-3.25,24.46,1248,1204,1210,1266,1240,1502,1504,10808,810
231844,1,37.39,12.00,-0.71,0.104,-0.631,1.242,-19.22,11.94,0.00,0.00,19.22,-11.94,0.00,67.42,-42.20,30.03,-54.20,0.00,-14.87,-7.79,-12.23,1301,1179,1219,1301,1250,1501,1506,10808,838
231857,1,31.48,26.14,5.23,-0.177,-0.528,1.534,-19.97,1.51,0.00,0.00,19.97,-1.51,0.00,70.07,-5.70,38.59,-31.85,0.00,-12.85,-12.59,-123.07,1301,1179,1219,1301,1250,1502,1506,10796,838
231869,1,15.35,-13.63,2.63,0.738,-0.524,0.358,-20.42,4.98,0.00,0.00,20.42,-4.98,0.00,71.65,-17.84,56.29,-4.21,0.00,-5.56,8.36,-67.72,1301,1179,1219,1301,1251,1502,1505,10787,838
231881,1,-11.42,-30.81,4.33,-0.370,-1.393,0.555,-13.05,6.41,0.00,0.00,13.05,-6.41,0.00,45.89,-22.84,57.30,7.98,0.00,6.32,13.23,-102.83,1301,1179,1219,1301,1254,1502,1505,10775,838
231892,1,-24.61,25.92,-2.26,-1.932,-0.392,1.853,-5.38,-6.08,0.00,0.00,5.38,6.08,0.00,19.05,20.85,43.66,-5.07,0.00,11.89,-9.47,26.16,1301,1179,1219,1301,1254,1502,1505,10754,838
231904,1,-24.46,-3.45,1.02,-0.397,-0.541,0.829,-5.63,-3.78,0.00,0.00,5.63,3.78,0.00,19.90,12.81,44.36,16.26,0.00,12.30,5.28,-55.96,1301,1179,1219,1301,1256,1501,1506,10754,838
231917,1,-16.85,23.76,-3.78,-0.921,-0.324,1.302,-5.89,-2.32,0.00,0.00,5.89,2.32,0.00,20.85,7.69,37.69,-16.07,0.00,9.00,-9.55,57.86,1301,1179,1219,1301,1256,1502,1506,10754,838
231929,1,-7.21,15.45,-4.87,0.235,-0.182,1.135,-0.50,0.66,0.00,0.00,0.50,-0.66,0.00,1.98,-2.73,9.19,-18.18,0.00,4.74,-6.26,75.86,1301,1179,1219,1301,1257,1502,1505,10742,838
231941,1,-6.96,4.88,-7.68,0.334,-0.328,0.883,-4.79,7.09,0.00,0.00,4.79,-7.09,0.00,17.01,-25.22,23.97,-30.10,0.00,4.78,-3.76,129.03,1134,1398,1400,1148,1270,1499,1510,10721,844
231952,1,-6.84,10.41,-6.07,0.155,-0.153,1.193,-6.70,8.18,0.00,0.00,6.70,-8.18,0.00,23.68,-29.07,30.52,-39.48,0.00,4.39,-6.42,105.95,1134,1398,1400,1148,1270,1499,1510,10721,844
231965,1,5.75,-13.67,-6.18,0.746,0.192,0.433,0.59,12.02,0.00,0.00,-0.59,-12.02,0.00,-1.83,-42.49,-7.59,-28.82,0.00,-2.91,5.13,120.57,1134,1398,1400,1148,1273,1501,1506,10704,844
231977,1,1.86,-11.10,-8.88,0.021,0.095,0.713,7.50,13.14,0.00,0.00,-7.50,-13.14,0.00,-26.04,-46.43,-27.90,-35.32,0.00,-2.13,3.31,163.92,1134,1398,1400,1148,1273,1502,1506,10688,844
231989,1,-8.41,-0.35,-5.59,-0.341,-0.120,1.121,8.88,6.54,0.00,0.00,-8.88,-6.54,0.00,-30.86,-23.35,-22.44,-23.00,0.00,2.97,0.10,94.86,1134,1398,1400,1148,1281,1502,1505,10683,844
232001,1,-17.67,-2.62,-3.07,0.139,-0.238,1.018,10.42,8.72,0.00,0.00,-10.42,-8.72,0.00,-36.27,-30.97,-18.60,-28.35,0.00,7.51,-0.14,39.70,1134,1398,1400,1148,1283,1502,1505,10683,844
232012,1,-27.65,6.19,-2.89,-0.497,-0.046,1.814,11.22,4.20,0.00,0.00,-11.22,-4.20,0.00,-39.08,-15.18,-11.42,-21.37,0.00,12.88,-6.60,35.53,1134,1398,1400,1148,1283,1502,1505,10667,844
232024,1,-22.79,33.72,-1.30,-0.602,0.490,2.036,6.38,-5.04,0.00,0.00,-6.38,5.04,0.00,-22.14,17.17,0.65,-16.55,0.00,12.13,-15.51,3.24,1134,1398,1400,1148,1283,1501,1506,10663,844
232037,1,-9.82,20.58,1.09,-0.885,1.088,1.924,4.73,-11.28,0.00,0.00,-4.73,11.28,0.00,-16.35,39.03,-6.53,18.45,0.00,6.28,-5.34,-45.77,1134,1398,1400,1148,1283,1500,1506,10642,844
232049,1,-8.94,5.38,3.75,-0.110,1.101,1.152,5.27,-10.12,0.00,0.00,-5.27,10.12,0.00,-18.24,34.96,-9.29,29.58,0.00,5.76,3.17,-93.30,1100,1439,1481,1125,1281,1500,1511,10650,841
232061,1,-6.65,-17.50,2.89,1.071,1.564,0.234,8.70,9.68,0.00,0.00,-8.70,-9.68,0.00,-30.26,-34.34,-23.61,-16.84,0.00,4.79,8.88,-81.56,1100,1439,1481,1125,1288,1501,1506,10654,841
232073,1,9.08,-39.96,4.26,1.382,2.232,-0.331,7.32,25.18,0.00,0.00,-7.32,-25.18,0.00,-25.40,-88.59,-34.49,-48.64,0.00,-2.61,12.93,-116.90,1100,1439,1481,1125,1288,1501,1506,10642,841
232084,1,14.14,-15.54,7.70,0.939,2.496,0.023,5.75,26.30,0.00,0.00,-5.75,-26.30,0.00,-19.90,-92.57,-34.04,-77.03,0.00,-5.51,-2.38,-181.22,1100,1439,1481,1125,1289,1500,1507,10646,841
232097,1,23.85,2.39,6.86,0.870,3.002,0.450,1.75,21.99,0.00,0.00,-1.75,-21.99,0.00,-5.91,-77.51,-29.76,-79.90,0.00,-10.05,-13.16,-164.34,1100,1439,1481,1125,1289,1501,1507,10650,841
232109,1,38.06,11.47,4.78,0.331,3.474,1.111,-2.74,13.60,0.00,0.00,2.74,-13.60,0.00,9.81,-48.15,-28.25,-59.63,0.00,-16.42,-17.02,-126.80,1100,1439,1481,1125,1290,1501,1506,10646,841
232121,1,40.60,42.17,2.59,-0.273,3.322,1.626,-4.33,3.27,0.00,0.00,4.33,-3.27,0.00,15.40,-11.99,-25.20,-54.16,0.00,-17.33,-27.01,-89.87,1100,1439,1481,1125,1290,1501,1506,10633,841
232132,1,35.89,68.57,4.50,-1.426,4.105,2.150,-7.17,-4.90,0.00,0.00,7.17,4.90,0.00,25.35,16.60,-10.54,-51.96,0.00,-14.00,-34.86,-128.10,1100,1439,1481,1125,1290,1501,1506,10633,841
232144,1,29.56,55.35,1.11,-1.342,4.279,2.114,-8.77,-9.01,0.00,2.61,8.77,11.62,0.00,30.98,40.15,1.42,-15.20,0.00,-10.32,-25.63,-76.62,1325,1233,1251,1247,1264,1506,1529,10642,920
232157,1,13.00,32.02,-1.45,-1.765,4.015,1.813,-14.21,-7.36,0.00,2.61,14.21,9.97,0.00,50.03,34.35,37.03,2.33,0.00,-2.14,-16.81,-34.99,1325,1233,1251,1247,1264,1501,1529,10646,920
232169,1,1.30,53.05,-4.98,-0.537,3.643,1.514,-10.11,-4.85,0.00,0.00,10.11,4.85,0.00,35.72,16.45,34.42,-36.60,0.00,1.59,-26.05,23.90,1325,1233,1251,1247,1306,1501,1506,10704,920
232181,1,-14.05,41.40,-7.07,-1.432,3.799,1.451,-14.10,-1.86,0.00,0.00,14.10,1.86,0.00,49.71,5.99,63.76,-35.42,0.00,8.81,-22.96,50.49,1325,1233,1251,1247,1310,1501,1506,10721,920
232192,1,-3.92,49.41,-9.60,-1.124,3.841,1.629,-17.74,1.73,0.00,0.00,17.74,-1.73,0.00,62.49,-6.59,66.41,-56.00,0.00,4.14,-27.83,89.71,1325,1233,1251,1247,1310,1501,1506,10721,920
232204,1,12.81,42.20,-8.42,-0.833,3.664,1.393,-17.48,5.12,0.00,0.00,17.48,-5.12,0.00,61.61,-18.43,48.79,-60.62,0.00,-2.98,-24.38,46.54,1325,1233,1251,1247,1311,1500,1507,10721,920
232217,1,19.00,53.98,-9.72,-1.206,3.711,1.553,-17.61,5.13,0.00,0.00,17.61,-5.13,0.00,62.08,-18.48,43.07,-72.46,0.00,-4.98,-29.46,65.64,1325,1233,1251,1247,1311,1501,1507,10700,920
232229,1,31.30,54.34,-11.73,-0.215,2.988,1.410,-16.92,7.97,0.00,0.00,16.92,-7.97,0.00,59.70,-28.43,28.40,-82.77,0.00,-10.16,-29.31,101.59,1325,1233,1251,1247,1312,1501,1505,10667,920
232241,1,25.93,64.98,-14.31,-0.818,2.477,2.019,-20.81,8.06,0.00,0.00,20.81,-8.06,0.00,73.36,-28.75,47.43,-93.72,0.00,-6.54,-35.03,153.54,1122,1498,1416,1180,1304,1501,1514,10667,932
232252,1,31.75,77.48,-12.36,-1.450,2.060,2.487,-22.25,2.87,0.00,0.00,22.25,-2.87,0.00,78.42,-10.59,46.67,-88.07,0.00,-10.05,-38.83,122.08,1122,1498,1416,1180,1304,1501,1514,10642,932
232264,1,25.63,60.20,-14.73,0.093,0.894,1.509,-18.07,4.95,0.00,0.00,18.07,-4.95,0.00,63.81,-17.89,38.18,-78.09,0.00,-8.23,-26.15,191.87,1122,1498,1416,1180,1312,1500,1507,10650,932
232277,1,25.13,59.06,-17.80,-0.454,0.797,2.061,-10.98,2.35,0.00,0.00,10.98,-2.35,0.00,39.01,-8.78,13.88,-67.84,0.00,-9.50,-24.94,267.37,1122,1498,1416,1180,1312,1501,1507,10646,932
232289,1,15.37,15.23,-17.17,0.385,0.420,1.213,-8.65,10.63,0.00,0.00,8.65,-10.63,0.00,30.88,-37.77,15.51,-53.01,0.00,-4.96,-4.89,244.55,1122,1498,1416,1180,1321,1501,1506,10650,932
232301,1,6.26,36.80,-17.90,-1.755,-0.027,2.332,-5.26,-4.38,0.00,0.00,5.26,4.38,0.00,19.01,14.77,12.74,-22.03,0.00,-1.73,-10.10,247.87,1122,1498,1416,1180,1322,1501,1506,10667,932
232312,1,-4.56,18.05,-10.68,-1.923,-0.345,2.424,-2.03,-17.63,0.00,0.00,2.03,17.63,0.00,7.71,61.15,12.27,43.10,0.00,3.17,3.11,91.73,1122,1498,1416,1180,1322,1501,1506,10688,932
232324,1,-10.72,-15.77,-9.65,-1.142,-1.252,1.399,-5.23,-24.58,0.00,0.00,5.23,24.58,0.00,18.89,85.52,29.61,101.29,0.00,5.82,20.67,66.89,1122,1498,1416,1180,1322,1500,1507,10713,932
232337,1,-11.85,-7.99,-7.40,-1.037,-1.439,1.372,-4.39,-21.72,0.00,0.00,4.39,21.72,0.00,15.96,75.54,27.81,83.53,0.00,5.38,13.03,30.83,1122,1498,1416,1180,1322,1501,1507,10713,932
232349,1,-9.78,-21.34,-8.69,-0.943,-2.768,1.199,-7.39,-22.54,0.00,0.00,7.39,22.54,0.00,26.46,78.44,36.24,99.78,0.00,3.95,18.83,66.96,1500,1123,1111,1499,1323,1501,1506,10692,912
232361,1,-8.30,-34.51,-6.08,-0.986,-2.781,0.661,-10.09,-20.97,0.00,0.00,10.09,20.97,0.00,35.89,72.95,44.20,107.46,0.00,3.87,23.49,41.30,1500,1123,1111,1499,1324,1500,1507,10704,912
232372,1,-4.74,-37.90,-5.95,-0.620,-2.867,0.719,-10.50,-19.91,0.00,0.00,10.50,19.91,0.00,37.35,69.28,42.09,107.18,0.00,2.70,25.95,48.15,1500,1123,1111,1499,1324,1500,1507,10700,912
232384,1,-9.86,-49.26,-4.07,-1.150,-3.116,0.866,-7.19,-16.29,0.00,0.00,7.19,16.29,0.00,25.76,56.60,35.62,105.86,0.00,4.39,29.65,12.53,1500,1123,1111,1499,1330,1499,1508,10667,912
232397,1,-47.38,-48.95,-7.75,-0.564,-2.990,0.517,-7.48,-11.54,0.00,0.00,7.48,11.54,0.00,26.77,40.02,74.14,88.97,0.00,22.38,28.90,73.19,1500,1123,1111,1499,1330,1500,1508,10671,912
232409,1,-29.78,-61.83,-5.10,-0.644,-2.327,0.818,-6.09,-10.79,0.00,0.00,6.09,10.79,0.00,21.91,37.41,51.70,99.23,0.00,13.21,34.83,5.45,1500,1123,1111,1499,1331,1500,1507,10633,912
232421,1,-21.85,-62.10,-2.12,-0.407,-1.991,0.808,-6.00,-4.72,0.00,0.00,6.00,4.72,0.00,21.59,16.15,43.43,78.26,0.00,9.55,33.58,-62.12,1500,1123,1111,1499,1334,1500,1507,10608,912
232432,1,-22.17,-58.66,1.20,-0.123,-2.316,1.092,-9.70,-0.07,0.00,0.00,9.70,0.07,0.00,34.56,-0.15,56.72,58.51,0.00,11.12,31.41,-119.71,1500,1123,1111,1499,1334,1500,1507,10592,912
232445,1,-23.14,-59.11,-2.08,-0.424,-2.417,0.393,-13.69,0.09,0.00,0.00,13.69,-0.09,0.00,48.50,-0.71,71.64,58.40,0.00,13.58,33.84,-49.08,1126,1498,1466,1246,1334,1499,1508,10579,810
232457,1,-7.61,-31.63,1.77,-0.939,-2.443,0.879,-14.35,-2.71,0.00,0.00,14.35,2.71,0.00,50.85,9.12,58.46,40.75,0.00,7.41,23.01,-112.13,1126,1498,1466,1246,1334,1500,1508,10583,810
232469,1,6.47,-5.93,3.12,-1.672,-1.920,2.097,-11.60,-6.22,0.00,0.00,11.60,6.22,0.00,41.23,21.37,34.76,27.30,0.00,0.48,11.68,-121.60,1126,1498,1466,1246,1331,1500,1512,10633,810
232481,1,-1.15,-11.03,-0.49,-0.919,-1.704,2.140,-11.29,-11.94,0.00,0.00,11.29,11.94,0.00,40.15,41.40,41.30,52.43,0.00,4.49,16.75,-43.91,1126,1498,1466,1246,1337,1500,1507,10633,810
232492,1,-12.33,-52.09,-1.12,0.496,-1.234,1.522,-14.06,-4.35,0.00,0.00,14.06,4.35,0.00,49.87,14.84,62.19,66.93,0.00,10.43,28.42,-29.32,1126,1498,1466,1246,1337,1500,1507,10646,810
232505,1,-15.94,-61.06,-13.67,2.328,-0.973,-0.165,-15.02,16.86,0.00,0.00,15.02,-16.86,0.00,53.22,-59.40,69.17,1.66,0.00,11.24,24.76,189.05,1126,1498,1466,1246,1342,1499,1508,10646,810
232517,1,-22.72,-40.56,-16.26,1.022,-0.840,0.381,-8.98,19.48,0.00,0.00,8.98,-19.48,0.00,32.10,-68.58,54.82,-28.02,0.00,13.38,12.26,199.53,1126,1498,1466,1246,1342,1500,1508,10650,810
232529,1,-24.33,-63.57,-19.30,1.437,-0.433,-0.349,-19.26,21.18,0.00,0.00,19.26,-21.18,0.00,68.10,-74.52,92.43,-10.95,0.00,16.44,23.99,225.38,1126,1498,1466,1246,1343,1500,1507,10621,810
232541,1,-26.39,-38.92,-20.33,0.310,0.021,0.574,-3.58,10.21,0.00,0.00,3.58,-10.21,0.00,13.23,-36.16,39.62,2.76,0.00,15.15,8.92,239.14,1100,1500,1500,1113,1345,1500,1507,10617,812
232553,1,-37.85,-66.52,-23.82,1.356,-0.255,-0.887,-28.77,11.97,0.00,0.00,28.77,-11.97,0.00,101.40,-42.31,139.25,24.21,0.00,24.67,22.41,304.54,1100,1500,1500,1113,1345,1500,1507,10600,812
232565,1,-35.74,-31.79,-27.47,-0.441,-0.762,1.130,-21.33,-0.04,0.00,0.00,21.33,0.04,0.00,75.39,-0.30,111.13,31.49,0.00,22.21,1.51,350.00,1100,1500,1500,1113,1346,1499,1507,10583,812
232577,1,-22.59,-60.69,-20.28,2.185,-1.580,-0.201,-25.30,23.73,0.00,0.00,25.30,-23.73,0.00,89.29,-83.52,111.88,-22.82,0.00,17.47,8.36,272.08,1100,1500,1500,1113,1346,1500,1507,10604,812
232589,1,-13.94,-36.69,-23.65,0.702,-1.082,1.122,-29.83,33.97,0.00,2.88,29.83,-31.09,0.00,105.20,-109.30,119.14,-72.61,0.00,12.40,-9.27,335.88,1100,1500,1500,1113,1321,1500,1532,10625,812
232601,1,-14.52,15.31,-19.39,-2.356,-1.477,3.152,-34.64,17.76,0.00,0.00,34.64,-17.76,0.00,122.08,-62.69,136.61,-78.00,0.00,11.99,-24.65,239.83,1100,1500,1500,1113,1347,1500,1507,10633,812
232612,1,-15.20,-42.05,-12.60,-2.802,-1.806,2.830,-16.54,-6.34,0.00,0.00,16.54,6.34,0.00,58.77,21.67,73.97,63.72,0.00,9.24,13.96,97.94,1100,1500,1500,1113,1347,1500,1507,10658,812
232625,1,0.82,-116.57,-9.04,-0.315,-1.714,0.365,-19.30,-15.92,0.00,0.00,19.30,15.92,0.00,68.45,55.22,67.63,171.79,0.00,2.17,51.49,10.82,1100,1500,1500,1113,1348,1499,1508,10658,812
232637,1,15.09,-123.79,-5.39,0.666,-1.619,-0.349,-28.26,-9.79,0.00,0.00,28.26,9.79,0.00,99.80,33.77,84.71,157.56,0.00,-3.51,46.05,-66.48,1100,1500,1500,1113,1348,1499,1508,10642,812
232649,1,8.11,-130.22,-6.94,2.182,-2.116,-1.216,-35.04,-1.10,0.00,0.00,35.04,1.10,0.00,123.57,3.37,115.46,133.59,0.00,0.32,43.90,-23.85,1446,1292,1244,1418,1350,1499,1507,10600,812
232661,1,24.85,-125.77,-6.11,2.279,-2.033,-1.115,-33.97,7.51,0.00,0.00,33.97,-7.51,0.00,119.86,-26.78,95.01,98.99,0.00,-9.11,34.96,-41.63,1446,1292,1244,1418,1349,1499,1508,10579,812
232672,1,38.16,-106.89,-4.87,2.702,-1.854,-0.677,-32.10,10.44,0.00,0.00,32.10,-10.44,0.00,113.33,-37.03,75.16,69.86,0.00,-15.34,25.92,-71.33,1446,1292,1244,1418,1349,1499,1508,10563,812
232685,1,45.63,-61.60,-8.06,2.553,-1.293,-0.194,-27.27,16.26,0.00,0.00,27.27,-16.26,0.00,96.44,-57.43,50.81,4.17,0.00,-19.47,4.13,-15.27,1446,1292,1244,1418,1350,1498,1508,10546,812
232697,1,46.11,-33.31,-10.58,1.284,-1.001,1.391,-11.80,16.33,0.00,0.00,11.80,-16.33,0.00,42.29,-57.70,-3.82,-24.39,0.00,-21.69,-11.82,34.96,1446,1292,1244,1418,1350,1499,1508,10546,812
232709,1,33.35,-5.39,-14.25,0.022,-0.732,1.909,-8.76,14.54,0.00,0.00,8.76,-14.54,0.00,31.65,-51.42,-1.70,-46.03,0.00,-15.46,-22.74,128.06,1446,1292,1244,1418,1350,1499,1508,10571,812
232721,1,18.28,-2.10,-21.48,-1.344,-0.105,2.104,-7.42,-1.35,0.00,0.00,7.42,1.35,0.00,26.98,4.16,8.70,6.26,0.00,-8.88,-14.31,293.10,1446,1292,1244,1418,1351,1499,1508,10579,812
232732,1,18.15,-28.38,-18.72,-0.809,0.243,1.188,-4.49,-14.68,0.00,0.00,4.49,14.68,0.00,16.74,50.82,-1.41,79.21,0.00,-9.27,3.55,246.47,1446,1292,1244,1418,1351,1499,1508,10554,812
232745,1,8.43,-60.22,-14.37,0.919,-0.182,0.418,-11.56,0.49,0.00,0.00,11.56,-0.49,0.00,41.47,-2.23,33.04,57.99,0.00,-3.79,12.01,170.50,1355,1311,1371,1375,1353,1498,1508,10513,812
232757,1,7.88,-23.06,-16.26,0.531,-0.616,1.057,-11.61,10.95,0.00,0.00,11.61,-10.95,0.00,41.66,-38.86,33.79,-15.80,0.00,-3.96,-8.76,195.61,1355,1311,1371,1375,1353,1499,1508,10517,812
232769,1,15.73,-12.14,-12.78,-2.186,-0.871,2.518,-2.06,-3.62,0.00,0.00,2.06,3.62,0.00,8.25,12.14,-7.47,24.28,0.00,-10.18,-9.43,112.63,1355,1311,1371,1375,1353,1499,1507,10542,812
232781,1,8.06,-101.01,-6.49,-0.262,-0.485,1.380,1.73,-13.90,0.00,0.00,-1.73,13.90,0.00,-5.02,48.12,-13.08,149.14,0.00,-8.02,29.73,-14.28,1355,1311,1371,1375,1353,1499,1507,10563,812
232792,5,3.04,-177.18,1.16,4.537,-0.419,-1.388,-45.49,27.63,0.00,0.00,45.49,-27.63,0.00,375.00,-97.25,371.96,79.93,0.00,9.41,46.02,-185.24,1355,1311,1371,1375,1353,1499,1507,10600,812
232805,5,7.88,-73.85,4.53,3.094,-0.336,-1.436,-55.20,41.19,0.00,0.00,55.20,-41.19,0.00,375.00,-144.77,367.12,-70.92,0.00,7.01,-1.02,-274.78,1355,1311,1371,1375,1353,1499,1507,10617,812
232817,1,21.07,32.97,7.41,-0.639,-0.969,0.854,-34.31,5.89,0.00,0.00,34.31,-5.89,0.00,121.22,-21.23,100.16,-54.20,0.00,-9.35,-31.40,-319.27,1355,1311,1371,1375,1353,1505,1507,10633,812
232829,1,29.08,-2.50,1.62,-0.312,-0.773,1.261,-19.12,-11.19,0.00,0.00,19.12,11.19,0.00,68.05,38.56,38.98,41.06,0.00,-15.52,-11.70,-177.08,1355,1311,1371,1375,1354,1505,1501,10658,812
232841,1,31.01,-2.86,-2.37,0.326,-0.016,1.758,-1.96,3.47,0.00,0.00,1.96,-3.47,0.00,7.98,-12.73,-23.03,-9.86,0.00,-20.27,-26.39,-80.18,1428,1320,1228,1440,1354,1505,1501,10621,810
232853,1,24.64,-12.65,-5.45,1.215,1.224,1.366,-7.97,23.22,0.00,0.00,7.97,-23.22,0.00,29.05,-81.87,4.41,-69.23,0.00,-17.55,-28.74,-37.35,1428,1320,1228,1440,1354,1505,1501,10596,810
232865,1,9.11,-0.73,-7.87,-0.937,2.405,2.280,-14.92,13.01,0.00,0.00,14.92,-13.01,0.00,53.38,-46.16,44.27,-45.44,0.00,-9.35,-29.33,-9.73,1428,1320,1228,1440,1354,1500,1507,10604,810
232877,1,-3.07,-53.26,-12.33,-0.079,2.737,0.307,-8.87,6.79,0.00,0.00,8.87,-6.79,0.00,32.22,-24.41,35.29,28.85,0.00,-4.53,2.89,65.06,1428,1320,1228,1440,1354,1505,1507,10608,810
232889,1,-23.96,-51.73,-14.37,0.154,2.593,-0.229,-0.16,3.78,0.00,0.00,0.16,-3.78,0.00,1.77,-13.87,25.73,37.87,0.00,3.37,1.14,107.23,1428,1320,1228,1440,1354,1505,1502,10625,810
232901,1,-38.81,-53.31,-17.22,0.389,2.368,-0.533,4.29,9.91,0.00,0.00,-4.29,-9.91,0.00,-13.82,-35.35,24.99,17.96,0.00,9.21,-2.37,162.23,1428,1320,1228,1440,1354,1505,1501,10617,810
232912,1,-49.31,-46.29,-17.46,0.262,2.087,-0.256,8.19,17.90,0.00,0.00,-8.19,-17.90,0.00,-27.44,-63.34,21.87,-17.05,0.00,13.09,-10.43,165.95,1428,1320,1228,1440,1354,1505,1501,10608,810
232925,1,-62.08,-35.61,-18.07,-0.064,1.610,-0.018,15.98,21.39,0.00,0.00,-15.98,-21.39,0.00,-54.70,-75.56,7.38,-39.95,0.00,18.40,-17.23,167.41,1428,1320,1228,1440,1355,1505,1501,10600,810
232937,1,-70.02,-5.86,-17.97,-1.275,1.303,1.435,9.92,12.53,0.00,0.00,-9.92,-12.53,0.00,-33.52,-44.58,36.49,-38.72,0.00,23.23,-29.56,167.31,1428,1320,1228,1440,1355,1504,1501,10592,810
232949,1,-78.04,3.85,-16.34,-2.209,1.520,2.572,5.50,7.23,0.00,0.00,-5.50,-7.23,0.00,-18.04,-26.06,60.00,-29.91,0.00,27.55,-31.11,136.43,1376,1322,1406,1312,1354,1504,1502,10542,815
232961,1,-89.71,-9.57,-12.19,-3.230,1.308,3.182,4.66,2.21,0.00,0.00,-4.66,-2.21,0.00,-15.07,-8.49,74.64,1.07,0.00,33.24,-21.67,71.68,1376,1322,1406,1312,1352,1496,1493,10517,815
232972,1,-92.05,-58.13,-7.65,-2.474,0.814,1.884,10.64,-1.87,0.00,0.00,-10.64,1.87,0.00,-36.03,5.79,56.02,63.92,0.00,34.26,4.20,-6.07,1376,1322,1406,1312,1352,1496,1493,10500,815
232984,17,-100.42,-71.35,-6.95,-1.128,0.654,1.099,13.20,-7.06,0.00,0.00,-13.20,7.06,0.00,-44.98,23.97,55.44,95.32,0.00,38.74,12.56,-9.01,1376,1322,1406,1312,1354,1497,1489,10479,815
232997,1,-96.59,-63.83,-8.19,-1.938,0.412,1.563,8.57,-10.61,-2.07,0.00,-10.64,10.61,0.00,-36.02,36.37,60.57,100.21,0.00,37.03,7.61,19.76,1376,1322,1406,1312,1354,1477,1489,10500,815
233009,1,-87.31,-94.30,-4.74,-0.672,-0.385,0.867,0.51,-7.77,-2.07,0.00,-2.58,7.77,0.00,-7.81,26.44,79.50,120.74,0.00,33.77,18.56,-48.89,1376,1322,1406,1312,1354,1477,1483,10513,815
233021,1,-79.76,-104.49,-1.21,0.991,-0.635,0.185,-12.54,17.90,-3.60,-2.07,8.94,-19.97,0.00,32.51,-70.66,112.27,33.82,0.00,31.30,15.24,-119.76,1376,1322,1406,1312,1354,1460,1477,10521,815
233032,1,-65.17,-68.80,1.56,0.574,-0.647,0.193,-20.82,26.04,-3.60,-2.07,17.22,-28.11,0.00,61.51,-99.18,126.68,-30.38,0.00,25.13,2.37,-180.96,1376,1322,1406,1312,1354,1460,1477,10521,815
233044,1,-46.10,-40.39,4.39,-0.970,-0.754,0.552,-19.76,0.94,-3.78,-2.07,15.98,-3.01,0.00,57.17,-11.35,103.27,29.04,0.00,16.42,1.90,-233.91,1235,1445,1405,1327,1353,1458,1477,10521,811
233057,1,-18.80,-41.39,-5.55,0.516,-1.216,1.188,-16.66,-6.50,-3.96,-2.07,12.70,4.43,0.00,45.72,14.72,64.52,56.10,0.00,4.03,9.96,-38.03,1235,1445,1405,1327,1353,1456,1477,10513,811
233069,17,-22.22,-27.77,-0.94,-0.415,0.001,1.266,10.55,-4.19,-3.96,-2.07,-14.51,2.12,0.00,-49.55,6.63,-27.33,34.40,0.00,3.45,-1.30,-106.31,1235,1445,1405,1327,1353,1456,1477,10484,811
233081,1,-35.53,-35.84,-7.65,1.069,0.002,1.467,-14.05,20.03,-3.96,-1.98,10.09,-22.01,0.00,36.55,-77.86,72.08,-42.02,0.00,14.85,-8.14,54.99,1235,1445,1405,1327,1352,1456,1478,10509,811
233092,17,-45.27,5.28,-15.51,-1.075,0.554,2.114,-1.35,20.81,-3.96,-1.98,-2.61,-22.79,0.00,-7.89,-80.61,37.39,-85.89,0.00,18.01,-23.79,192.49,1235,1445,1405,1327,1352,1456,1478,10488,811
233104,17,-49.89,-13.84,-21.92,-1.901,0.435,2.425,2.61,-7.31,-6.21,-2.34,-8.82,4.97,0.00,-29.62,16.55,20.27,30.39,0.00,20.30,-3.87,281.52,1235,1445,1405,1327,1354,1431,1474,10488,811
233117,1,-42.45,-82.77,-28.84,0.372,-0.283,0.483,0.83,1.09,-6.21,-2.34,-7.04,-3.43,0.00,-23.40,-12.86,19.06,69.92,0.00,18.49,21.62,350.00,1235,1445,1405,1327,1354,1431,1474,10513,811
233129,1,-19.63,-82.52,-32.64,1.796,-1.230,-0.402,-17.95,22.66,-6.21,-2.34,11.74,-25.00,0.00,42.33,-88.36,61.96,-5.84,0.00,12.24,12.65,350.00,1235,1445,1405,1327,1354,1431,1474,10546,811
233141,1,3.59,-48.90,-26.54,0.716,-1.337,0.444,-34.92,26.26,-7.83,-2.34,27.09,-28.60,0.00,96.10,-100.99,92.51,-52.09,0.00,5.25,-3.21,288.31,1100,1500,1500,1100,1354,1413,1474,10546,811
233152,1,37.90,-42.14,-7.57,-1.033,-0.136,1.639,-11.19,4.58,-7.83,-2.34,3.36,-6.92,0.00,13.05,-25.16,-24.85,16.98,0.00,-13.00,-0.69,-134.21,1100,1500,1500,1100,1354,1413,1474,10542,811
233165,1,45.98,-73.05,1.21,0.201,-0.435,0.623,-12.23,-2.37,-8.73,-2.52,3.50,-0.15,0.00,13.53,-1.45,-32.45,71.60,0.00,-13.70,14.21,-284.97,1100,1500,1500,1100,1354,1403,1472,10521,811
233177,1,44.64,-73.78,1.55,1.719,-0.412,0.060,-32.46,17.90,-8.91,-2.52,23.55,-20.42,0.00,83.73,-72.40,39.09,1.38,0.00,-8.53,6.54,-264.69,1100,1500,1500,1100,1354,1401,1472,10546,811
233189,1,39.01,-45.88,-7.02,0.986,-0.376,0.935,-29.78,24.16,-8.91,-2.43,20.87,-26.59,0.00,74.37,-94.02,35.37,-48.13,0.00,-4.80,-8.00,-103.98,1100,1500,1500,1100,1354,1401,1473,10546,811
233201,1,60.77,-21.83,-18.09,0.330,-0.067,0.761,-26.76,17.18,-10.35,-3.42,16.41,-20.60,0.00,58.78,-73.10,-1.99,-51.27,0.00,-11.47,-16.72,48.91,1100,1500,1500,1100,1354,1385,1462,10554,811
233212,1,90.51,2.23,-34.18,-0.197,1.374,1.024,-11.05,12.06,-10.35,-3.42,0.70,-15.48,0.00,3.80,-55.19,-86.71,-57.42,0.00,-23.43,-23.94,276.99,1100,1500,1500,1100,1354,1385,1462,10571,811
233224,1,76.18,-15.89,-32.99,-0.145,1.316,0.469,-17.64,15.24,-11.34,-3.42,6.30,-18.66,0.00,23.43,-66.34,-52.74,-50.45,0.00,-12.69,-14.76,191.54,1100,1500,1500,1100,1355,1374,1462,10600,811
233237,1,60.18,4.59,-34.72,-0.531,2.230,1.445,19.61,16.55,-11.34,-3.42,-30.95,-19.97,0.00,-106.96,-70.95,-167.14,-75.54,0.00,-7.60,-24.79,201.25,1100,1500,1500,1100,1355,1374,1462,10600,811
233249,1,38.95,-23.83,-27.23,0.186,4.625,1.859,-5.12,22.35,-11.34,-3.33,-6.22,-25.68,0.00,-20.43,-90.94,-59.38,-67.11,0.00,6.42,-12.55,57.68,1137,1500,1500,1143,1354,1374,1463,10563,811
233261,1,-35.78,16.55,20.70,0.525,1.820,3.218,-7.92,29.80,-12.06,-3.15,-4.14,-32.95,0.00,-13.13,-116.44,22.65,-132.98,0.00,33.52,-26.63,-350.00,1137,1500,1500,1143,1352,1366,1465,10521,811
233272,1,-116.97,49.48,21.89,-3.015,3.294,1.704,16.09,12.33,-12.06,-3.15,-28.15,-15.48,0.00,-97.18,-55.31,19.79,-104.78,0.00,58.07,-26.24,-345.57,1137,1500,1500,1143,1352,1366,1465,10546,811
233284,1,-62.80,33.39,27.02,1.201,3.164,-0.509,18.63,12.39,-12.06,-3.15,-30.69,-15.54,0.00,-106.12,-55.53,-43.32,-88.92,0.00,24.81,-1.81,-271.96,1137,1500,1500,1143,1351,1366,1465,10563,811
233297,1,-25.10,73.04,23.14,0.839,2.023,1.215,-17.74,26.85,-12.06,-3.15,5.68,-30.00,0.00,21.20,-106.19,46.30,-179.23,0.00,6.81,-38.32,-90.62,1137,1500,1500,1143,1351,1366,1465,10579,811
233309,1,-23.90,49.31,16.70,-0.301,2.201,0.773,-19.74,20.85,-12.06,-2.88,7.68,-23.73,0.00,28.21,-84.28,52.11,-133.59,0.00,2.72,-24.04,70.20,1137,1500,1500,1143,1348,1366,1468,10579,811
233321,1,-11.74,69.56,15.14,0.888,1.841,0.614,-4.69,14.43,-12.78,-2.43,-8.09,-16.86,0.00,-26.98,-60.24,-15.24,-129.80,0.00,-5.92,-27.16,93.45,1137,1500,1500,1143,1335,1358,1473,10596,811
233332,1,9.60,115.48,3.49,-0.961,2.647,2.452,9.13,8.31,-12.78,-2.43,-21.91,-10.74,0.00,-75.37,-38.83,-84.96,-154.32,0.00,-19.05,-45.38,302.51,1137,1500,1500,1143,1335,1358,1473,10583,811
233344,1,17.14,17.32,-7.19,-0.022,1.290,1.355,5.25,8.68,-13.77,0.00,-19.02,-8.68,0.00,-65.27,-31.65,-82.41,-48.97,0.00,-20.65,2.62,350.00,1179,1483,1473,1157,1323,1347,1484,10579,811
233357,1,-6.31,19.73,-12.40,-1.329,-0.144,1.761,-5.89,4.36,-13.77,0.00,-7.88,-4.36,0.00,-26.30,-16.53,-19.99,-36.25,0.00,-4.82,2.56,348.18,1179,1483,1473,1157,1323,1347,1484,10600,811
233369,1,-2.17,11.23,-7.78,-2.005,-0.737,1.962,-15.58,-4.34,-13.77,0.00,1.81,4.34,0.00,7.63,13.90,9.80,2.67,0.00,-2.64,8.44,173.26,1179,1483,1473,1157,1327,1347,1480,10613,811
233381,1,13.70,-30.33,-4.91,0.155,-0.700,0.533,-19.96,-9.03,-13.95,-3.78,6.01,5.25,0.00,22.33,17.09,8.62,47.42,0.00,-7.89,26.41,53.83,1179,1483,1473,1157,1348,1345,1458,10617,811
233393,5,26.57,-75.57,-1.86,2.510,-0.589,-1.392,-50.61,21.34,-13.95,-3.78,36.66,-25.12,0.00,375.00,-89.23,348.43,-13.66,0.00,0.26,36.90,-41.84,1179,1483,1473,1157,1348,1345,1458,10600,811
233404,5,27.40,-71.69,2.06,3.695,-0.433,-1.120,-55.77,44.43,-13.95,-4.68,41.82,-49.11,0.00,375.00,-150.00,347.60,-78.31,0.00,0.84,24.86,-146.79,1179,1483,1473,1157,1354,1345,1448,10567,811
